parva_18,parva_100,chapter,shloka,section,section_by_volume,volume
Adi,Anukramanika,1,210,1,1,1
Adi,Parvasamgraha,2,243,2,2,1
Adi,Poushya,3,195,3,3,1
Adi,Pouloma,4,11,4,4,1
Adi,Pouloma,5,26,4,4,1
Adi,Pouloma,6,16,4,4,1
Adi,Pouloma,7,26,4,4,1
Adi,Pouloma,8,22,4,4,1
Adi,Pouloma,9,22,4,4,1
Adi,Pouloma,10,8,4,4,1
Adi,Pouloma,11,17,4,4,1
Adi,Pouloma,12,5,4,4,1
Adi,Astika,13,45,5,5,1
Adi,Astika,14,23,5,5,1
Adi,Astika,15,13,5,5,1
Adi,Astika,16,40,5,5,1
Adi,Astika,17,30,5,5,1
Adi,Astika,18,11,5,5,1
Adi,Astika,19,17,5,5,1
Adi,Astika,20,15,5,5,1
Adi,Astika,21,17,5,5,1
Adi,Astika,22,5,5,5,1
Adi,Astika,23,12,5,5,1
Adi,Astika,24,14,5,5,1
Adi,Astika,25,33,5,5,1
Adi,Astika,26,47,5,5,1
Adi,Astika,27,35,5,5,1
Adi,Astika,28,25,5,5,1
Adi,Astika,29,23,5,5,1
Adi,Astika,30,22,5,5,1
Adi,Astika,31,18,5,5,1
Adi,Astika,32,25,5,5,1
Adi,Astika,33,31,5,5,1
Adi,Astika,34,18,5,5,1
Adi,Astika,35,13,5,5,1
Adi,Astika,36,26,5,5,1
Adi,Astika,37,27,5,5,1
Adi,Astika,38,39,5,5,1
Adi,Astika,39,33,5,5,1
Adi,Astika,40,11,5,5,1
Adi,Astika,41,30,5,5,1
Adi,Astika,42,20,5,5,1
Adi,Astika,43,39,5,5,1
Adi,Astika,44,22,5,5,1
Adi,Astika,45,28,5,5,1
Adi,Astika,46,41,5,5,1
Adi,Astika,47,25,5,5,1
Adi,Astika,48,26,5,5,1
Adi,Astika,49,28,5,5,1
Adi,Astika,50,17,5,5,1
Adi,Astika,51,23,5,5,1
Adi,Astika,52,22,5,5,1
Adi,Astika,53,36,5,5,1
Adi,Adi Vamshavatarana,54,24,6,6,1
Adi,Adi Vamshavatarana,55,43,6,6,1
Adi,Adi Vamshavatarana,56,33,6,6,1
Adi,Adi Vamshavatarana,57,106,6,6,1
Adi,Adi Vamshavatarana,58,51,6,6,1
Adi,Sambhava,59,54,7,7,1
Adi,Sambhava,60,69,7,7,1
Adi,Sambhava,61,102,7,7,1
Adi,Sambhava,62,14,7,7,1
Adi,Sambhava,63,26,7,7,1
Adi,Sambhava,64,42,7,7,1
Adi,Sambhava,65,42,7,7,1
Adi,Sambhava,66,17,7,7,1
Adi,Sambhava,67,33,7,7,1
Adi,Sambhava,68,80,7,7,1
Adi,Sambhava,69,51,7,7,1
Adi,Sambhava,70,46,7,7,1
Adi,Sambhava,71,58,7,7,1
Adi,Sambhava,72,23,7,7,1
Adi,Sambhava,73,36,7,7,1
Adi,Sambhava,74,12,7,7,1
Adi,Sambhava,75,25,7,7,1
Adi,Sambhava,76,35,7,7,1
Adi,Sambhava,77,27,7,7,1
Adi,Sambhava,78,41,7,7,1
Adi,Sambhava,79,30,7,7,1
Adi,Sambhava,80,27,7,7,1
Adi,Sambhava,81,16,7,7,1
Adi,Sambhava,82,13,7,7,1
Adi,Sambhava,83,13,7,7,1
Adi,Sambhava,84,21,7,7,1
Adi,Sambhava,85,27,7,7,1
Adi,Sambhava,86,17,7,7,1
Adi,Sambhava,87,18,7,7,1
Adi,Sambhava,88,26,7,7,1
Adi,Sambhava,89,55,7,7,1
Adi,Sambhava,90,96,7,7,1
Adi,Sambhava,91,22,7,7,1
Adi,Sambhava,92,55,7,7,1
Adi,Sambhava,93,46,7,7,1
Adi,Sambhava,94,94,7,7,1
Adi,Sambhava,95,14,7,7,1
Adi,Sambhava,96,59,7,7,1
Adi,Sambhava,97,26,7,7,1
Adi,Sambhava,98,33,7,7,1
Adi,Sambhava,99,49,7,7,1
Adi,Sambhava,100,30,7,7,1
Adi,Sambhava,101,28,7,7,1
Adi,Sambhava,102,23,7,7,1
Adi,Sambhava,103,17,7,7,1
Adi,Sambhava,104,21,7,7,1
Adi,Sambhava,105,27,7,7,1
Adi,Sambhava,106,14,7,7,1
Adi,Sambhava,107,37,7,7,1
Adi,Sambhava,108,18,7,7,1
Adi,Sambhava,109,31,7,7,1
Adi,Sambhava,110,45,7,7,1
Adi,Sambhava,111,36,7,7,1
Adi,Sambhava,112,34,7,7,1
Adi,Sambhava,113,43,7,7,1
Adi,Sambhava,114,66,7,7,1
Adi,Sambhava,115,28,7,7,1
Adi,Sambhava,116,31,7,7,1
Adi,Sambhava,117,33,7,7,1
Adi,Sambhava,118,30,7,7,1
Adi,Sambhava,119,43,7,7,1
Adi,Sambhava,120,21,7,7,1
Adi,Sambhava,121,23,7,7,1
Adi,Sambhava,122,47,7,7,1
Adi,Sambhava,123,78,7,7,1
Adi,Jatugriha Daha,124,33,8,8,1
Adi,Jatugriha Daha,125,32,8,8,1
Adi,Jatugriha Daha,126,39,8,8,1
Adi,Jatugriha Daha,127,24,8,8,1
Adi,Jatugriha Daha,128,18,8,8,1
Adi,Jatugriha Daha,129,18,8,8,1
Adi,Jatugriha Daha,130,20,8,8,1
Adi,Jatugriha Daha,131,18,8,8,1
Adi,Jatugriha Daha,132,19,8,8,1
Adi,Jatugriha Daha,133,30,8,8,1
Adi,Jatugriha Daha,134,28,8,8,1
Adi,Jatugriha Daha,135,21,8,8,1
Adi,Jatugriha Daha,136,19,8,8,1
Adi,Jatugriha Daha,137,23,8,8,1
Adi,Jatugriha Daha,138,31,8,8,1
Adi,Hidimba Vadha,139,32,9,9,1
Adi,Hidimba Vadha,140,21,9,9,1
Adi,Hidimba Vadha,141,24,9,9,1
Adi,Hidimba Vadha,142,34,9,9,1
Adi,Hidimba Vadha,143,38,9,9,1
Adi,Hidimba Vadha,144,20,9,9,1
Adi,Baka Vadha,145,40,10,10,1
Adi,Baka Vadha,146,36,10,10,1
Adi,Baka Vadha,147,24,10,10,1
Adi,Baka Vadha,148,16,10,10,1
Adi,Baka Vadha,149,20,10,10,1
Adi,Baka Vadha,150,27,10,10,1
Adi,Baka Vadha,151,24,10,10,1
Adi,Baka Vadha,152,19,10,10,1
Adi,Chaitraratha,153,12,11,11,1
Adi,Chaitraratha,154,25,11,11,1
Adi,Chaitraratha,155,52,11,11,1
Adi,Chaitraratha,156,11,11,11,1
Adi,Chaitraratha,157,16,11,11,1
Adi,Chaitraratha,158,55,11,11,1
Adi,Chaitraratha,159,22,11,11,1
Adi,Chaitraratha,160,41,11,11,1
Adi,Chaitraratha,161,20,11,11,1
Adi,Chaitraratha,162,18,11,11,1
Adi,Chaitraratha,163,23,11,11,1
Adi,Chaitraratha,164,14,11,11,1
Adi,Chaitraratha,165,44,11,11,1
Adi,Chaitraratha,166,45,11,11,1
Adi,Chaitraratha,167,21,11,11,1
Adi,Chaitraratha,168,25,11,11,1
Adi,Chaitraratha,169,25,11,11,1
Adi,Chaitraratha,170,21,11,11,1
Adi,Chaitraratha,171,26,11,11,1
Adi,Chaitraratha,172,17,11,11,1
Adi,Chaitraratha,173,24,11,11,1
Adi,Droupadi Svayamvara,174,12,12,12,1
Adi,Droupadi Svayamvara,175,20,12,12,1
Adi,Droupadi Svayamvara,176,36,12,12,1
Adi,Droupadi Svayamvara,177,22,12,12,1
Adi,Droupadi Svayamvara,178,18,12,12,1
Adi,Droupadi Svayamvara,179,23,12,12,1
Adi,Droupadi Svayamvara,180,22,12,12,1
Adi,Droupadi Svayamvara,181,40,12,12,1
Adi,Droupadi Svayamvara,182,15,12,12,1
Adi,Droupadi Svayamvara,183,9,12,12,1
Adi,Droupadi Svayamvara,184,18,12,12,1
Adi,Droupadi Svayamvara,185,28,12,12,1
Adi,Vaivahika,186,15,13,13,1
Adi,Vaivahika,187,32,13,13,1
Adi,Vaivahika,188,22,13,13,1
Adi,Vaivahika,189,49,13,13,1
Adi,Vaivahika,190,18,13,13,1
Adi,Vaivahika,191,19,13,13,1
Adi,Viduragamana,192,29,14,14,1
Adi,Viduragamana,193,19,14,14,1
Adi,Viduragamana,194,25,14,14,1
Adi,Viduragamana,195,19,14,14,1
Adi,Viduragamana,196,28,14,14,1
Adi,Viduragamana,197,29,14,14,1
Adi,Viduragamana,198,25,14,14,1
Adi,Rajya-labha,199,50,15,15,1
Adi,Arjuna Vanavasa,200,23,16,1,2
Adi,Arjuna Vanavasa,201,32,16,1,2
Adi,Arjuna Vanavasa,202,27,16,1,2
Adi,Arjuna Vanavasa,203,30,16,1,2
Adi,Arjuna Vanavasa,204,30,16,1,2
Adi,Arjuna Vanavasa,205,30,16,1,2
Adi,Arjuna Vanavasa,206,34,16,1,2
Adi,Arjuna Vanavasa,207,26,16,1,2
Adi,Arjuna Vanavasa,208,21,16,1,2
Adi,Arjuna Vanavasa,209,24,16,1,2
Adi,Arjuna Vanavasa,210,21,16,1,2
Adi,Subhadra-harana,211,25,17,2,2
Adi,Subhadra-harana,212,32,17,2,2
Adi,Harana Harika,213,82,18,3,2
Adi,Khandava Daha,214,32,19,4,2
Adi,Khandava Daha,215,19,19,4,2
Adi,Khandava Daha,216,34,19,4,2
Adi,Khandava Daha,217,22,19,4,2
Adi,Khandava Daha,218,50,19,4,2
Adi,Khandava Daha,219,40,19,4,2
Adi,Khandava Daha,220,32,19,4,2
Adi,Khandava Daha,221,21,19,4,2
Adi,Khandava Daha,222,18,19,4,2
Adi,Khandava Daha,223,25,19,4,2
Adi,Khandava Daha,224,32,19,4,2
Adi,Khandava Daha,225,19,19,4,2
Sabha,Sabha,226,19,20,5,2
Sabha,Sabha,227,23,20,5,2
Sabha,Sabha,228,34,20,5,2
Sabha,Sabha,229,34,20,5,2
Sabha,Sabha,230,116,20,5,2
Sabha,Sabha,231,18,20,5,2
Sabha,Sabha,232,26,20,5,2
Sabha,Sabha,233,38,20,5,2
Sabha,Sabha,234,25,20,5,2
Sabha,Sabha,235,23,20,5,2
Sabha,Sabha,236,73,20,5,2
Sabha,Mantra,237,40,21,6,2
Sabha,Mantra,238,68,21,6,2
Sabha,Mantra,239,20,21,6,2
Sabha,Mantra,240,16,21,6,2
Sabha,Mantra,241,51,21,6,2
Sabha,Mantra,242,27,21,6,2
Sabha,Jarasandha Vadha,243,30,22,7,2
Sabha,Jarasandha Vadha,244,50,22,7,2
Sabha,Jarasandha Vadha,245,34,22,7,2
Sabha,Jarasandha Vadha,246,23,22,7,2
Sabha,Jarasandha Vadha,247,58,22,7,2
Sabha,Digvijaya,248,26,23,8,2
Sabha,Digvijaya,249,27,23,8,2
Sabha,Digvijaya,250,20,23,8,2
Sabha,Digvijaya,251,16,23,8,2
Sabha,Digvijaya,252,28,23,8,2
Sabha,Digvijaya,253,55,23,8,2
Sabha,Digvijaya,254,19,23,8,2
Sabha,Rajasuya,255,54,24,9,2
Sabha,Rajasuya,256,25,24,9,2
Sabha,Rajasuya,257,18,24,9,2
Sabha,Arghabhiharana,258,32,25,10,2
Sabha,Arghabhiharana,259,23,25,10,2
Sabha,Arghabhiharana,260,29,25,10,2
Sabha,Arghabhiharana,261,15,25,10,2
Sabha,Shishupala Vadha,262,15,26,11,2
Sabha,Shishupala Vadha,263,40,26,11,2
Sabha,Shishupala Vadha,264,20,26,11,2
Sabha,Shishupala Vadha,265,23,26,11,2
Sabha,Shishupala Vadha,266,33,26,11,2
Sabha,Shishupala Vadha,267,60,26,11,2
Sabha,Dyuta,268,36,27,12,2
Sabha,Dyuta,269,22,27,12,2
Sabha,Dyuta,270,58,27,12,2
Sabha,Dyuta,271,35,27,12,2
Sabha,Dyuta,272,31,27,12,2
Sabha,Dyuta,273,42,27,12,2
Sabha,Dyuta,274,25,27,12,2
Sabha,Dyuta,275,28,27,12,2
Sabha,Dyuta,276,26,27,12,2
Sabha,Dyuta,277,37,27,12,2
Sabha,Dyuta,278,25,27,12,2
Sabha,Dyuta,279,29,27,12,2
Sabha,Dyuta,280,17,27,12,2
Sabha,Dyuta,281,10,27,12,2
Sabha,Dyuta,282,21,27,12,2
Sabha,Dyuta,283,43,27,12,2
Sabha,Dyuta,284,12,27,12,2
Sabha,Dyuta,285,47,27,12,2
Sabha,Dyuta,286,82,27,12,2
Sabha,Dyuta,287,38,27,12,2
Sabha,Dyuta,288,36,27,12,2
Sabha,Dyuta,289,17,27,12,2
Sabha,Dyuta,290,17,27,12,2
Sabha,Anudyuta,291,37,28,13,2
Sabha,Anudyuta,292,21,28,13,2
Sabha,Anudyuta,293,46,28,13,2
Sabha,Anudyuta,294,21,28,13,2
Sabha,Anudyuta,295,24,28,13,2
Sabha,Anudyuta,296,47,28,13,2
Sabha,Anudyuta,297,36,28,13,2
Aranyaka,Aranyaka,298,42,29,14,2
Aranyaka,Aranyaka,299,79,29,14,2
Aranyaka,Aranyaka,300,33,29,14,2
Aranyaka,Aranyaka,301,10,29,14,2
Aranyaka,Aranyaka,302,20,29,14,2
Aranyaka,Aranyaka,303,22,29,14,2
Aranyaka,Aranyaka,304,24,29,14,2
Aranyaka,Aranyaka,305,23,29,14,2
Aranyaka,Aranyaka,306,12,29,14,2
Aranyaka,Aranyaka,307,23,29,14,2
Aranyaka,Aranyaka,308,39,29,14,2
Aranyaka,Kirmira Vadha,309,75,30,15,2
Aranyaka,Kairata,310,120,31,16,2
Aranyaka,Kairata,311,17,31,16,2
Aranyaka,Kairata,312,22,31,16,2
Aranyaka,Kairata,313,23,31,16,2
Aranyaka,Kairata,314,33,31,16,2
Aranyaka,Kairata,315,24,31,16,2
Aranyaka,Kairata,316,33,31,16,2
Aranyaka,Kairata,317,27,31,16,2
Aranyaka,Kairata,318,38,31,16,2
Aranyaka,Kairata,319,30,31,16,2
Aranyaka,Kairata,320,51,31,16,2
Aranyaka,Kairata,321,16,31,16,2
Aranyaka,Kairata,322,26,31,16,2
Aranyaka,Kairata,323,18,31,16,2
Aranyaka,Kairata,324,25,31,16,2
Aranyaka,Kairata,325,37,31,16,2
Aranyaka,Kairata,326,35,31,16,2
Aranyaka,Kairata,327,50,31,16,2
Aranyaka,Kairata,328,42,31,16,2
Aranyaka,Kairata,329,40,31,16,2
Aranyaka,Kairata,330,58,31,16,2
Aranyaka,Kairata,331,85,31,16,2
Aranyaka,Kairata,332,21,31,16,2
Aranyaka,Kairata,333,34,31,16,2
Aranyaka,Kairata,334,41,31,16,2
Aranyaka,Kairata,335,45,31,16,2
Aranyaka,Kairata,336,30,31,16,2
Aranyaka,Kairata,337,61,31,16,2
Aranyaka,Kairata,338,26,31,16,2
Aranyaka,Kairata,339,42,31,16,2
Aranyaka,Indralokabhigamana,340,38,32,17,2
Aranyaka,Indralokabhigamana,341,32,32,17,2
Aranyaka,Indralokabhigamana,342,38,32,17,2
Aranyaka,Indralokabhigamana,343,41,32,17,2
Aranyaka,Indralokabhigamana,344,12,32,17,2
Aranyaka,Indralokabhigamana,345,41,32,17,2
Aranyaka,Indralokabhigamana,346,43,32,17,2
Aranyaka,Indralokabhigamana,347,31,32,17,2
Aranyaka,Indralokabhigamana,348,29,32,17,2
Aranyaka,Indralokabhigamana,349,24,32,17,2
Aranyaka,Indralokabhigamana,350,21,32,17,2
Aranyaka,Indralokabhigamana,351,38,32,17,2
Aranyaka,Indralokabhigamana,352,13,32,17,2
Aranyaka,Indralokabhigamana,353,18,32,17,2
Aranyaka,Indralokabhigamana,354,23,32,17,2
Aranyaka,Indralokabhigamana,355,34,32,17,2
Aranyaka,Indralokabhigamana,356,25,32,17,2
Aranyaka,Indralokabhigamana,357,38,32,17,2
Aranyaka,Indralokabhigamana,358,125,32,17,2
Aranyaka,Indralokabhigamana,359,43,32,17,2
Aranyaka,Indralokabhigamana,360,24,32,17,2
Aranyaka,Indralokabhigamana,361,19,32,17,2
Aranyaka,Indralokabhigamana,362,37,32,17,2
Aranyaka,Indralokabhigamana,363,26,32,17,2
Aranyaka,Indralokabhigamana,364,22,32,17,2
Aranyaka,Indralokabhigamana,365,24,32,17,2
Aranyaka,Indralokabhigamana,366,34,32,17,2
Aranyaka,Indralokabhigamana,367,39,32,17,2
Aranyaka,Indralokabhigamana,368,34,32,17,2
Aranyaka,Indralokabhigamana,369,30,32,17,2
Aranyaka,Indralokabhigamana,370,28,32,17,2
Aranyaka,Indralokabhigamana,371,24,32,17,2
Aranyaka,Indralokabhigamana,372,27,32,17,2
Aranyaka,Indralokabhigamana,373,19,32,17,2
Aranyaka,Indralokabhigamana,374,29,32,17,2
Aranyaka,Indralokabhigamana,375,23,32,17,2
Aranyaka,Indralokabhigamana,376,29,32,17,2
Aranyaka,Tirtha yatra,377,133,33,1,3
Aranyaka,Tirtha yatra,378,178,33,1,3
Aranyaka,Tirtha yatra,379,143,33,1,3
Aranyaka,Tirtha yatra,380,114,33,1,3
Aranyaka,Tirtha yatra,381,19,33,1,3
Aranyaka,Tirtha yatra,382,23,33,1,3
Aranyaka,Tirtha yatra,383,24,33,1,3
Aranyaka,Tirtha yatra,384,15,33,1,3
Aranyaka,Tirtha yatra,385,30,33,1,3
Aranyaka,Tirtha yatra,386,22,33,1,3
Aranyaka,Tirtha yatra,387,24,33,1,3
Aranyaka,Tirtha yatra,388,28,33,1,3
Aranyaka,Tirtha yatra,389,22,33,1,3
Aranyaka,Tirtha yatra,390,27,33,1,3
Aranyaka,Tirtha yatra,391,27,33,1,3
Aranyaka,Tirtha yatra,392,24,33,1,3
Aranyaka,Tirtha yatra,393,20,33,1,3
Aranyaka,Tirtha yatra,394,27,33,1,3
Aranyaka,Tirtha yatra,395,24,33,1,3
Aranyaka,Tirtha yatra,396,21,33,1,3
Aranyaka,Tirtha yatra,397,24,33,1,3
Aranyaka,Tirtha yatra,398,17,33,1,3
Aranyaka,Tirtha yatra,399,23,33,1,3
Aranyaka,Tirtha yatra,400,19,33,1,3
Aranyaka,Tirtha yatra,401,22,33,1,3
Aranyaka,Tirtha yatra,402,25,33,1,3
Aranyaka,Tirtha yatra,403,40,33,1,3
Aranyaka,Tirtha yatra,404,25,33,1,3
Aranyaka,Tirtha yatra,405,19,33,1,3
Aranyaka,Tirtha yatra,406,20,33,1,3
Aranyaka,Tirtha yatra,407,36,33,1,3
Aranyaka,Tirtha yatra,408,22,33,1,3
Aranyaka,Tirtha yatra,409,18,33,1,3
Aranyaka,Tirtha yatra,410,25,33,1,3
Aranyaka,Tirtha yatra,411,26,33,1,3
Aranyaka,Tirtha yatra,412,30,33,1,3
Aranyaka,Tirtha yatra,413,29,33,1,3
Aranyaka,Tirtha yatra,414,18,33,1,3
Aranyaka,Tirtha yatra,415,23,33,1,3
Aranyaka,Tirtha yatra,416,22,33,1,3
Aranyaka,Tirtha yatra,417,30,33,1,3
Aranyaka,Tirtha yatra,418,23,33,1,3
Aranyaka,Tirtha yatra,419,27,33,1,3
Aranyaka,Tirtha yatra,420,23,33,1,3
Aranyaka,Tirtha yatra,421,24,33,1,3
Aranyaka,Tirtha yatra,422,23,33,1,3
Aranyaka,Tirtha yatra,423,43,33,1,3
Aranyaka,Tirtha yatra,424,21,33,1,3
Aranyaka,Tirtha yatra,425,19,33,1,3
Aranyaka,Tirtha yatra,426,22,33,1,3
Aranyaka,Tirtha yatra,427,20,33,1,3
Aranyaka,Tirtha yatra,428,32,33,1,3
Aranyaka,Tirtha yatra,429,20,33,1,3
Aranyaka,Tirtha yatra,430,27,33,1,3
Aranyaka,Tirtha yatra,431,39,33,1,3
Aranyaka,Tirtha yatra,432,42,33,1,3
Aranyaka,Tirtha yatra,433,18,33,1,3
Aranyaka,Tirtha yatra,434,20,33,1,3
Aranyaka,Tirtha yatra,435,19,33,1,3
Aranyaka,Tirtha yatra,436,24,33,1,3
Aranyaka,Tirtha yatra,437,17,33,1,3
Aranyaka,Tirtha yatra,438,30,33,1,3
Aranyaka,Tirtha yatra,439,28,33,1,3
Aranyaka,Tirtha yatra,440,21,33,1,3
Aranyaka,Tirtha yatra,441,27,33,1,3
Aranyaka,Tirtha yatra,442,43,33,1,3
Aranyaka,Tirtha yatra,443,81,33,1,3
Aranyaka,Tirtha yatra,444,41,33,1,3
Aranyaka,Tirtha yatra,445,39,33,1,3
Aranyaka,Tirtha yatra,446,52,33,1,3
Aranyaka,Tirtha yatra,447,28,33,1,3
Aranyaka,Tirtha yatra,448,15,33,1,3
Aranyaka,Tirtha yatra,449,25,33,1,3
Aranyaka,Tirtha yatra,450,31,33,1,3
Aranyaka,Jatasura vadha,451,61,34,2,3
Aranyaka,Yaksha yuddha,452,90,35,3,3
Aranyaka,Yaksha yuddha,453,31,35,3,3
Aranyaka,Yaksha yuddha,454,70,35,3,3
Aranyaka,Yaksha yuddha,455,59,35,3,3
Aranyaka,Yaksha yuddha,456,35,35,3,3
Aranyaka,Yaksha yuddha,457,37,35,3,3
Aranyaka,Yaksha yuddha,458,29,35,3,3
Aranyaka,Yaksha yuddha,459,16,35,3,3
Aranyaka,Yaksha yuddha,460,53,35,3,3
Aranyaka,Yaksha yuddha,461,58,35,3,3
Aranyaka,Yaksha yuddha,462,23,35,3,3
Aranyaka,Yaksha yuddha,463,23,35,3,3
Aranyaka,Yaksha yuddha,464,28,35,3,3
Aranyaka,Yaksha yuddha,465,30,35,3,3
Aranyaka,Yaksha yuddha,466,35,35,3,3
Aranyaka,Yaksha yuddha,467,69,35,3,3
Aranyaka,Yaksha yuddha,468,17,35,3,3
Aranyaka,Yaksha yuddha,469,24,35,3,3
Aranyaka,Ajagara,470,22,36,4,3
Aranyaka,Ajagara,471,24,36,4,3
Aranyaka,Ajagara,472,21,36,4,3
Aranyaka,Ajagara,473,51,36,4,3
Aranyaka,Ajagara,474,33,36,4,3
Aranyaka,Ajagara,475,50,36,4,3
Aranyaka,Markandeya Samasya,476,18,37,5,3
Aranyaka,Markandeya Samasya,477,49,37,5,3
Aranyaka,Markandeya Samasya,478,41,37,5,3
Aranyaka,Markandeya Samasya,479,21,37,5,3
Aranyaka,Markandeya Samasya,480,32,37,5,3
Aranyaka,Markandeya Samasya,481,25,37,5,3
Aranyaka,Markandeya Samasya,482,54,37,5,3
Aranyaka,Markandeya Samasya,483,129,37,5,3
Aranyaka,Markandeya Samasya,484,55,37,5,3
Aranyaka,Markandeya Samasya,485,83,37,5,3
Aranyaka,Markandeya Samasya,486,31,37,5,3
Aranyaka,Markandeya Samasya,487,82,37,5,3
Aranyaka,Markandeya Samasya,488,28,37,5,3
Aranyaka,Markandeya Samasya,489,29,37,5,3
Aranyaka,Markandeya Samasya,490,27,37,5,3
Aranyaka,Markandeya Samasya,491,30,37,5,3
Aranyaka,Markandeya Samasya,492,39,37,5,3
Aranyaka,Markandeya Samasya,493,21,37,5,3
Aranyaka,Markandeya Samasya,494,44,37,5,3
Aranyaka,Markandeya Samasya,495,94,37,5,3
Aranyaka,Markandeya Samasya,496,34,37,5,3
Aranyaka,Markandeya Samasya,497,54,37,5,3
Aranyaka,Markandeya Samasya,498,20,37,5,3
Aranyaka,Markandeya Samasya,499,25,37,5,3
Aranyaka,Markandeya Samasya,500,51,37,5,3
Aranyaka,Markandeya Samasya,501,27,37,5,3
Aranyaka,Markandeya Samasya,502,29,37,5,3
Aranyaka,Markandeya Samasya,503,34,37,5,3
Aranyaka,Markandeya Samasya,504,20,37,5,3
Aranyaka,Markandeya Samasya,505,8,37,5,3
Aranyaka,Markandeya Samasya,506,25,37,5,3
Aranyaka,Markandeya Samasya,507,19,37,5,3
Aranyaka,Markandeya Samasya,508,31,37,5,3
Aranyaka,Markandeya Samasya,509,30,37,5,3
Aranyaka,Markandeya Samasya,510,52,37,5,3
Aranyaka,Markandeya Samasya,511,37,37,5,3
Aranyaka,Markandeya Samasya,512,23,37,5,3
Aranyaka,Markandeya Samasya,513,15,37,5,3
Aranyaka,Markandeya Samasya,514,14,37,5,3
Aranyaka,Markandeya Samasya,515,49,37,5,3
Aranyaka,Markandeya Samasya,516,58,37,5,3
Aranyaka,Markandeya Samasya,517,27,37,5,3
Aranyaka,Markandeya Samasya,518,80,37,5,3
Aranyaka,Droupadi Satyabhama sambada,519,59,38,6,3
Aranyaka,Droupadi Satyabhama sambada,520,12,38,6,3
Aranyaka,Droupadi Satyabhama sambada,521,17,38,6,3
Aranyaka,Ghosha Yatra,522,31,39,7,3
Aranyaka,Ghosha Yatra,523,22,39,7,3
Aranyaka,Ghosha Yatra,524,24,39,7,3
Aranyaka,Ghosha Yatra,525,29,39,7,3
Aranyaka,Ghosha Yatra,526,29,39,7,3
Aranyaka,Ghosha Yatra,527,31,39,7,3
Aranyaka,Ghosha Yatra,528,21,39,7,3
Aranyaka,Ghosha Yatra,529,21,39,7,3
Aranyaka,Ghosha Yatra,530,21,39,7,3
Aranyaka,Ghosha Yatra,531,28,39,7,3
Aranyaka,Ghosha Yatra,532,25,39,7,3
Aranyaka,Ghosha Yatra,533,15,39,7,3
Aranyaka,Ghosha Yatra,534,15,39,7,3
Aranyaka,Ghosha Yatra,535,49,39,7,3
Aranyaka,Ghosha Yatra,536,26,39,7,3
Aranyaka,Ghosha Yatra,537,47,39,7,3
Aranyaka,Ghosha Yatra,538,37,39,7,3
Aranyaka,Ghosha Yatra,539,24,39,7,3
Aranyaka,Ghosha Yatra,540,24,39,7,3
Aranyaka,Mriga Svapna Bhaya,541,16,40,8,3
Aranyaka,Vrihi Drounika,542,34,41,9,3
Aranyaka,Vrihi Drounika,543,36,41,9,3
Aranyaka,Vrihi Drounika,544,47,41,9,3
Aranyaka,Droupadi Harana,545,17,42,10,3
Aranyaka,Droupadi Harana,546,13,42,10,3
Aranyaka,Droupadi Harana,547,9,42,10,3
Aranyaka,Droupadi Harana,548,21,42,10,3
Aranyaka,Droupadi Harana,549,27,42,10,3
Aranyaka,Droupadi Harana,550,26,42,10,3
Aranyaka,Droupadi Harana,551,21,42,10,3
Aranyaka,Droupadi Harana,552,59,42,10,3
Aranyaka,Droupadi Harana,553,30,42,10,3
Aranyaka,Droupadi Harana,554,10,42,10,3
Aranyaka,Droupadi Harana,555,16,42,10,3
Aranyaka,Droupadi Harana,556,40,42,10,3
Aranyaka,Droupadi Harana,557,15,42,10,3
Aranyaka,Droupadi Harana,558,55,42,10,3
Aranyaka,Droupadi Harana,559,41,42,10,3
Aranyaka,Droupadi Harana,560,43,42,10,3
Aranyaka,Droupadi Harana,561,73,42,10,3
Aranyaka,Droupadi Harana,562,30,42,10,3
Aranyaka,Droupadi Harana,563,68,42,10,3
Aranyaka,Droupadi Harana,564,54,42,10,3
Aranyaka,Droupadi Harana,565,40,42,10,3
Aranyaka,Droupadi Harana,566,14,42,10,3
Aranyaka,Droupadi Harana,567,29,42,10,3
Aranyaka,Droupadi Harana,568,27,42,10,3
Aranyaka,Droupadi Harana,569,26,42,10,3
Aranyaka,Droupadi Harana,570,33,42,10,3
Aranyaka,Droupadi Harana,571,31,42,10,3
Aranyaka,Droupadi Harana,572,69,42,10,3
Aranyaka,Droupadi Harana,573,13,42,10,3
Aranyaka,Droupadi Harana,574,41,42,10,3
Aranyaka,Droupadi Harana,575,32,42,10,3
Aranyaka,Droupadi Harana,576,23,42,10,3
Aranyaka,Droupadi Harana,577,33,42,10,3
Aranyaka,Droupadi Harana,578,108,42,10,3
Aranyaka,Droupadi Harana,579,44,42,10,3
Aranyaka,Droupadi Harana,580,16,42,10,3
Aranyaka,Kundala Aharana,581,39,43,11,3
Aranyaka,Kundala Aharana,582,17,43,11,3
Aranyaka,Kundala Aharana,583,20,43,11,3
Aranyaka,Kundala Aharana,584,29,43,11,3
Aranyaka,Kundala Aharana,585,19,43,11,3
Aranyaka,Kundala Aharana,586,23,43,11,3
Aranyaka,Kundala Aharana,587,26,43,11,3
Aranyaka,Kundala Aharana,588,28,43,11,3
Aranyaka,Kundala Aharana,589,27,43,11,3
Aranyaka,Kundala Aharana,590,23,43,11,3
Aranyaka,Kundala Aharana,591,43,43,11,3
Aranyaka,Araneya,592,17,44,12,3
Aranyaka,Araneya,593,43,44,12,3
Aranyaka,Araneya,594,74,44,12,3
Aranyaka,Araneya,595,28,44,12,3
Aranyaka,Araneya,596,29,44,12,3
Virata,Vairata,597,23,45,1,4
Virata,Vairata,598,27,45,1,4
Virata,Vairata,599,19,45,1,4
Virata,Vairata,600,49,45,1,4
Virata,Vairata,601,31,45,1,4
Virata,Vairata,602,16,45,1,4
Virata,Vairata,603,11,45,1,4
Virata,Vairata,604,33,45,1,4
Virata,Vairata,605,15,45,1,4
Virata,Vairata,606,13,45,1,4
Virata,Vairata,607,13,45,1,4
Virata,Vairata,608,32,45,1,4
Virata,Kichaka Vadha,609,21,46,2,4
Virata,Kichaka Vadha,610,21,46,2,4
Virata,Kichaka Vadha,611,41,46,2,4
Virata,Kichaka Vadha,612,16,46,2,4
Virata,Kichaka Vadha,613,29,46,2,4
Virata,Kichaka Vadha,614,36,46,2,4
Virata,Kichaka Vadha,615,30,46,2,4
Virata,Kichaka Vadha,616,34,46,2,4
Virata,Kichaka Vadha,617,67,46,2,4
Virata,Kichaka Vadha,618,30,46,2,4
Virata,Kichaka Vadha,619,28,46,2,4
Virata,Go-Grahana,620,21,47,3,4
Virata,Go-Grahana,621,17,47,3,4
Virata,Go-Grahana,622,10,47,3,4
Virata,Go-Grahana,623,28,47,3,4
Virata,Go-Grahana,624,14,47,3,4
Virata,Go-Grahana,625,28,47,3,4
Virata,Go-Grahana,626,30,47,3,4
Virata,Go-Grahana,627,24,47,3,4
Virata,Go-Grahana,628,50,47,3,4
Virata,Go-Grahana,629,21,47,3,4
Virata,Go-Grahana,630,19,47,3,4
Virata,Go-Grahana,631,26,47,3,4
Virata,Go-Grahana,632,47,47,3,4
Virata,Go-Grahana,633,15,47,3,4
Virata,Go-Grahana,634,58,47,3,4
Virata,Go-Grahana,635,23,47,3,4
Virata,Go-Grahana,636,27,47,3,4
Virata,Go-Grahana,637,23,47,3,4
Virata,Go-Grahana,638,31,47,3,4
Virata,Go-Grahana,639,21,47,3,4
Virata,Go-Grahana,640,22,47,3,4
Virata,Go-Grahana,641,26,47,3,4
Virata,Go-Grahana,642,18,47,3,4
Virata,Go-Grahana,643,19,47,3,4
Virata,Go-Grahana,644,23,47,3,4
Virata,Go-Grahana,645,23,47,3,4
Virata,Go-Grahana,646,23,47,3,4
Virata,Go-Grahana,647,17,47,3,4
Virata,Go-Grahana,648,28,47,3,4
Virata,Go-Grahana,649,69,47,3,4
Virata,Go-Grahana,650,20,47,3,4
Virata,Go-Grahana,651,25,47,3,4
Virata,Go-Grahana,652,28,47,3,4
Virata,Go-Grahana,653,19,47,3,4
Virata,Go-Grahana,654,13,47,3,4
Virata,Go-Grahana,655,44,47,3,4
Virata,Go-Grahana,656,19,47,3,4
Virata,Go-Grahana,657,29,47,3,4
Virata,Go-Grahana,658,11,47,3,4
Virata,Vaivahika,659,54,48,4,4
Virata,Vaivahika,660,37,48,4,4
Virata,Vaivahika,661,21,48,4,4
Virata,Vaivahika,662,29,48,4,4
Virata,Vaivahika,663,38,48,4,4
Udyoga,Udyoga,664,25,49,5,4
Udyoga,Udyoga,665,13,49,5,4
Udyoga,Udyoga,666,23,49,5,4
Udyoga,Udyoga,667,27,49,5,4
Udyoga,Udyoga,668,18,49,5,4
Udyoga,Udyoga,669,18,49,5,4
Udyoga,Udyoga,670,36,49,5,4
Udyoga,Udyoga,671,37,49,5,4
Udyoga,Udyoga,672,52,49,5,4
Udyoga,Udyoga,673,47,49,5,4
Udyoga,Udyoga,674,22,49,5,4
Udyoga,Udyoga,675,32,49,5,4
Udyoga,Udyoga,676,25,49,5,4
Udyoga,Udyoga,677,15,49,5,4
Udyoga,Udyoga,678,32,49,5,4
Udyoga,Udyoga,679,34,49,5,4
Udyoga,Udyoga,680,20,49,5,4
Udyoga,Udyoga,681,25,49,5,4
Udyoga,Udyoga,682,32,49,5,4
Udyoga,Udyoga,683,21,49,5,4
Udyoga,Udyoga,684,21,49,5,4
Udyoga,Sanjaya Yana,685,39,50,6,4
Udyoga,Sanjaya Yana,686,27,50,6,4
Udyoga,Sanjaya Yana,687,10,50,6,4
Udyoga,Sanjaya Yana,688,15,50,6,4
Udyoga,Sanjaya Yana,689,28,50,6,4
Udyoga,Sanjaya Yana,690,27,50,6,4
Udyoga,Sanjaya Yana,691,14,50,6,4
Udyoga,Sanjaya Yana,692,51,50,6,4
Udyoga,Sanjaya Yana,693,47,50,6,4
Udyoga,Sanjaya Yana,694,23,50,6,4
Udyoga,Sanjaya Yana,695,30,50,6,4
Udyoga,Prajagara,696,104,51,7,4
Udyoga,Prajagara,697,83,51,7,4
Udyoga,Prajagara,698,67,51,7,4
Udyoga,Prajagara,699,72,51,7,4
Udyoga,Prajagara,700,60,51,7,4
Udyoga,Prajagara,701,44,51,7,4
Udyoga,Prajagara,702,70,51,7,4
Udyoga,Prajagara,703,30,51,7,4
Udyoga,Prajagara,704,11,51,7,4
Udyoga,Sanatsujata,705,32,52,8,4
Udyoga,Sanatsujata,706,37,52,8,4
Udyoga,Sanatsujata,707,24,52,8,4
Udyoga,Sanatsujata,708,28,52,8,4
Udyoga,Yana Sandhi,709,17,53,9,4
Udyoga,Yana Sandhi,710,103,53,9,4
Udyoga,Yana Sandhi,711,47,53,9,4
Udyoga,Yana Sandhi,712,45,53,9,4
Udyoga,Yana Sandhi,713,61,53,9,4
Udyoga,Yana Sandhi,714,19,53,9,4
Udyoga,Yana Sandhi,715,16,53,9,4
Udyoga,Yana Sandhi,716,19,53,9,4
Udyoga,Yana Sandhi,717,66,53,9,4
Udyoga,Yana Sandhi,718,16,53,9,4
Udyoga,Yana Sandhi,719,60,53,9,4
Udyoga,Yana Sandhi,720,29,53,9,4
Udyoga,Yana Sandhi,721,30,53,9,4
Udyoga,Yana Sandhi,722,23,53,9,4
Udyoga,Yana Sandhi,723,29,53,9,4
Udyoga,Yana Sandhi,724,18,53,9,4
Udyoga,Yana Sandhi,725,31,53,9,4
Udyoga,Yana Sandhi,726,16,53,9,4
Udyoga,Yana Sandhi,727,15,53,9,4
Udyoga,Yana Sandhi,728,9,53,9,4
Udyoga,Yana Sandhi,729,15,53,9,4
Udyoga,Yana Sandhi,730,21,53,9,4
Udyoga,Yana Sandhi,731,14,53,9,4
Udyoga,Yana Sandhi,732,7,53,9,4
Udyoga,Bhagavat Yana,733,93,54,10,4
Udyoga,Bhagavat Yana,734,37,54,10,4
Udyoga,Bhagavat Yana,735,23,54,10,4
Udyoga,Bhagavat Yana,736,23,54,10,4
Udyoga,Bhagavat Yana,737,18,54,10,4
Udyoga,Bhagavat Yana,738,20,54,10,4
Udyoga,Bhagavat Yana,739,20,54,10,4
Udyoga,Bhagavat Yana,740,21,54,10,4
Udyoga,Bhagavat Yana,741,18,54,10,4
Udyoga,Bhagavat Yana,742,9,54,10,4
Udyoga,Bhagavat Yana,743,49,54,10,4
Udyoga,Bhagavat Yana,744,72,54,10,4
Udyoga,Bhagavat Yana,745,29,54,10,4
Udyoga,Bhagavat Yana,746,18,54,10,4
Udyoga,Bhagavat Yana,747,21,54,10,4
Udyoga,Bhagavat Yana,748,17,54,10,4
Udyoga,Bhagavat Yana,749,23,54,10,4
Udyoga,Bhagavat Yana,750,26,54,10,4
Udyoga,Bhagavat Yana,751,104,54,10,4
Udyoga,Bhagavat Yana,752,41,54,10,4
Udyoga,Bhagavat Yana,753,28,54,10,4
Udyoga,Bhagavat Yana,754,22,54,10,4
Udyoga,Bhagavat Yana,755,53,54,10,4
Udyoga,Bhagavat Yana,756,62,54,10,4
Udyoga,Bhagavat Yana,757,45,54,10,4
Udyoga,Bhagavat Yana,758,21,54,10,4
Udyoga,Bhagavat Yana,759,25,54,10,4
Udyoga,Bhagavat Yana,760,20,54,10,4
Udyoga,Bhagavat Yana,761,19,54,10,4
Udyoga,Bhagavat Yana,762,16,54,10,4
Udyoga,Bhagavat Yana,763,15,54,10,4
Udyoga,Bhagavat Yana,764,23,54,10,4
Udyoga,Bhagavat Yana,765,29,54,10,4
Udyoga,Bhagavat Yana,766,38,54,10,4
Udyoga,Bhagavat Yana,767,26,54,10,4
Udyoga,Bhagavat Yana,768,18,54,10,4
Udyoga,Bhagavat Yana,769,18,54,10,4
Udyoga,Bhagavat Yana,770,21,54,10,4
Udyoga,Bhagavat Yana,771,19,54,10,4
Udyoga,Bhagavat Yana,772,26,54,10,4
Udyoga,Bhagavat Yana,773,22,54,10,4
Udyoga,Bhagavat Yana,774,23,54,10,4
Udyoga,Bhagavat Yana,775,20,54,10,4
Udyoga,Bhagavat Yana,776,21,54,10,4
Udyoga,Bhagavat Yana,777,22,54,10,4
Udyoga,Bhagavat Yana,778,18,54,10,4
Udyoga,Bhagavat Yana,779,21,54,10,4
Udyoga,Bhagavat Yana,780,23,54,10,4
Udyoga,Bhagavat Yana,781,22,54,10,4
Udyoga,Bhagavat Yana,782,28,54,10,4
Udyoga,Bhagavat Yana,783,18,54,10,4
Udyoga,Bhagavat Yana,784,22,54,10,4
Udyoga,Bhagavat Yana,785,61,54,10,4
Udyoga,Bhagavat Yana,786,27,54,10,4
Udyoga,Bhagavat Yana,787,18,54,10,4
Udyoga,Bhagavat Yana,788,26,54,10,4
Udyoga,Bhagavat Yana,789,49,54,10,4
Udyoga,Bhagavat Yana,790,53,54,10,4
Udyoga,Bhagavat Yana,791,52,54,10,4
Udyoga,Bhagavat Yana,792,34,54,10,4
Udyoga,Bhagavat Yana,793,31,54,10,4
Udyoga,Bhagavat Yana,794,42,54,10,4
Udyoga,Bhagavat Yana,795,40,54,10,4
Udyoga,Bhagavat Yana,796,37,54,10,4
Udyoga,Bhagavat Yana,797,21,54,10,4
Udyoga,Bhagavat Yana,798,30,54,10,4
Udyoga,Bhagavat Yana,799,26,54,10,4
Udyoga,Bhagavat Yana,800,22,54,10,4
Udyoga,Karna Upanivada,801,28,55,11,4
Udyoga,Karna Upanivada,802,57,55,11,4
Udyoga,Karna Upanivada,803,20,55,11,4
Udyoga,Karna Upanivada,804,49,55,11,4
Udyoga,Karna Upanivada,805,30,55,11,4
Udyoga,Karna Upanivada,806,12,55,11,4
Udyoga,Karna Upanivada,807,26,55,11,4
Udyoga,Karna Upanivada,808,40,55,11,4
Udyoga,Karna Upanivada,809,35,55,11,4
Udyoga,Karna Upanivada,810,35,55,11,4
Udyoga,Karna Upanivada,811,19,55,11,4
Udyoga,Abhiniryana,812,84,56,12,4
Udyoga,Abhiniryana,813,27,56,12,4
Udyoga,Abhiniryana,814,27,56,12,4
Udyoga,Abhiniryana,815,31,56,12,4
Udyoga,Bhishma Abhishechana,816,35,57,13,4
Udyoga,Bhishma Abhishechana,817,34,57,13,4
Udyoga,Bhishma Abhishechana,818,38,57,13,4
Udyoga,Bhishma Abhishechana,819,15,57,13,4
Udyoga,Uluka Yana,820,18,58,14,4
Udyoga,Uluka Yana,821,41,58,14,4
Udyoga,Uluka Yana,822,13,58,14,4
Udyoga,Uluka Yana,823,29,58,14,4
Udyoga,Ratha Atiratha Samkhya,824,12,59,15,4
Udyoga,Ratha Atiratha Samkhya,825,33,59,15,4
Udyoga,Ratha Atiratha Samkhya,826,22,59,15,4
Udyoga,Ratha Atiratha Samkhya,827,38,59,15,4
Udyoga,Ratha Atiratha Samkhya,828,27,59,15,4
Udyoga,Ratha Atiratha Samkhya,829,39,59,15,4
Udyoga,Ratha Atiratha Samkhya,830,14,59,15,4
Udyoga,Ratha Atiratha Samkhya,831,25,59,15,4
Udyoga,Ratha Atiratha Samkhya,832,21,59,15,4
Udyoga,Amba Upakhyana,833,22,60,1,5
Udyoga,Amba Upakhyana,834,9,60,1,5
Udyoga,Amba Upakhyana,835,23,60,1,5
Udyoga,Amba Upakhyana,836,18,60,1,5
Udyoga,Amba Upakhyana,837,26,60,1,5
Udyoga,Amba Upakhyana,838,30,60,1,5
Udyoga,Amba Upakhyana,839,42,60,1,5
Udyoga,Amba Upakhyana,840,24,60,1,5
Udyoga,Amba Upakhyana,841,38,60,1,5
Udyoga,Amba Upakhyana,842,31,60,1,5
Udyoga,Amba Upakhyana,843,39,60,1,5
Udyoga,Amba Upakhyana,844,36,60,1,5
Udyoga,Amba Upakhyana,845,16,60,1,5
Udyoga,Amba Upakhyana,846,27,60,1,5
Udyoga,Amba Upakhyana,847,18,60,1,5
Udyoga,Amba Upakhyana,848,23,60,1,5
Udyoga,Amba Upakhyana,849,36,60,1,5
Udyoga,Amba Upakhyana,850,40,60,1,5
Udyoga,Amba Upakhyana,851,18,60,1,5
Udyoga,Amba Upakhyana,852,18,60,1,5
Udyoga,Amba Upakhyana,853,23,60,1,5
Udyoga,Amba Upakhyana,854,20,60,1,5
Udyoga,Amba Upakhyana,855,30,60,1,5
Udyoga,Amba Upakhyana,856,66,60,1,5
Udyoga,Amba Upakhyana,857,22,60,1,5
Udyoga,Amba Upakhyana,858,20,60,1,5
Udyoga,Amba Upakhyana,859,19,60,1,5
Udyoga,Amba Upakhyana,860,21,60,1,5
Bhishma,Jambukhanda Vinirmana,861,34,61,2,5
Bhishma,Jambukhanda Vinirmana,862,33,61,2,5
Bhishma,Jambukhanda Vinirmana,863,46,61,2,5
Bhishma,Jambukhanda Vinirmana,864,35,61,2,5
Bhishma,Jambukhanda Vinirmana,865,21,61,2,5
Bhishma,Jambukhanda Vinirmana,866,16,61,2,5
Bhishma,Jambukhanda Vinirmana,867,53,61,2,5
Bhishma,Jambukhanda Vinirmana,868,31,61,2,5
Bhishma,Jambukhanda Vinirmana,869,21,61,2,5
Bhishma,Jambukhanda Vinirmana,870,74,61,2,5
Bhishma,Jambukhanda Vinirmana,871,14,61,2,5
Bhishma,Bhumi,872,37,62,3,5
Bhishma,Bhumi,873,50,62,3,5
Bhishma,Bhagavad Gita,874,13,63,4,5
Bhishma,Bhagavad Gita,875,75,63,4,5
Bhishma,Bhagavad Gita,876,46,63,4,5
Bhishma,Bhagavad Gita,877,39,63,4,5
Bhishma,Bhagavad Gita,878,18,63,4,5
Bhishma,Bhagavad Gita,879,44,63,4,5
Bhishma,Bhagavad Gita,880,20,63,4,5
Bhishma,Bhagavad Gita,881,17,63,4,5
Bhishma,Bhagavad Gita,882,22,63,4,5
Bhishma,Bhagavad Gita,883,47,63,4,5
Bhishma,Bhagavad Gita,884,72,63,4,5
Bhishma,Bhagavad Gita,885,43,63,4,5
Bhishma,Bhagavad Gita,886,42,63,4,5
Bhishma,Bhagavad Gita,887,29,63,4,5
Bhishma,Bhagavad Gita,888,47,63,4,5
Bhishma,Bhagavad Gita,889,30,63,4,5
Bhishma,Bhagavad Gita,890,28,63,4,5
Bhishma,Bhagavad Gita,891,34,63,4,5
Bhishma,Bhagavad Gita,892,42,63,4,5
Bhishma,Bhagavad Gita,893,55,63,4,5
Bhishma,Bhagavad Gita,894,20,63,4,5
Bhishma,Bhagavad Gita,895,34,63,4,5
Bhishma,Bhagavad Gita,896,27,63,4,5
Bhishma,Bhagavad Gita,897,20,63,4,5
Bhishma,Bhagavad Gita,898,24,63,4,5
Bhishma,Bhagavad Gita,899,28,63,4,5
Bhishma,Bhagavad Gita,900,78,63,4,5
Bhishma,Bhishma Vadha,901,104,64,5,5
Bhishma,Bhishma Vadha,902,30,64,5,5
Bhishma,Bhishma Vadha,903,83,64,5,5
Bhishma,Bhishma Vadha,904,48,64,5,5
Bhishma,Bhishma Vadha,905,63,64,5,5
Bhishma,Bhishma Vadha,906,56,64,5,5
Bhishma,Bhishma Vadha,907,30,64,5,5
Bhishma,Bhishma Vadha,908,70,64,5,5
Bhishma,Bhishma Vadha,909,40,64,5,5
Bhishma,Bhishma Vadha,910,115,64,5,5
Bhishma,Bhishma Vadha,911,43,64,5,5
Bhishma,Bhishma Vadha,912,22,64,5,5
Bhishma,Bhishma Vadha,913,34,64,5,5
Bhishma,Bhishma Vadha,914,44,64,5,5
Bhishma,Bhishma Vadha,915,132,64,5,5
Bhishma,Bhishma Vadha,916,28,64,5,5
Bhishma,Bhishma Vadha,917,36,64,5,5
Bhishma,Bhishma Vadha,918,61,64,5,5
Bhishma,Bhishma Vadha,919,29,64,5,5
Bhishma,Bhishma Vadha,920,79,64,5,5
Bhishma,Bhishma Vadha,921,70,64,5,5
Bhishma,Bhishma Vadha,922,40,64,5,5
Bhishma,Bhishma Vadha,923,21,64,5,5
Bhishma,Bhishma Vadha,924,18,64,5,5
Bhishma,Bhishma Vadha,925,33,64,5,5
Bhishma,Bhishma Vadha,926,22,64,5,5
Bhishma,Bhishma Vadha,927,41,64,5,5
Bhishma,Bhishma Vadha,928,33,64,5,5
Bhishma,Bhishma Vadha,929,41,64,5,5
Bhishma,Bhishma Vadha,930,37,64,5,5
Bhishma,Bhishma Vadha,931,36,64,5,5
Bhishma,Bhishma Vadha,932,26,64,5,5
Bhishma,Bhishma Vadha,933,71,64,5,5
Bhishma,Bhishma Vadha,934,36,64,5,5
Bhishma,Bhishma Vadha,935,59,64,5,5
Bhishma,Bhishma Vadha,936,19,64,5,5
Bhishma,Bhishma Vadha,937,44,64,5,5
Bhishma,Bhishma Vadha,938,57,64,5,5
Bhishma,Bhishma Vadha,939,55,64,5,5
Bhishma,Bhishma Vadha,940,51,64,5,5
Bhishma,Bhishma Vadha,941,37,64,5,5
Bhishma,Bhishma Vadha,942,56,64,5,5
Bhishma,Bhishma Vadha,943,39,64,5,5
Bhishma,Bhishma Vadha,944,43,64,5,5
Bhishma,Bhishma Vadha,945,36,64,5,5
Bhishma,Bhishma Vadha,946,86,64,5,5
Bhishma,Bhishma Vadha,947,30,64,5,5
Bhishma,Bhishma Vadha,948,38,64,5,5
Bhishma,Bhishma Vadha,949,41,64,5,5
Bhishma,Bhishma Vadha,950,46,64,5,5
Bhishma,Bhishma Vadha,951,81,64,5,5
Bhishma,Bhishma Vadha,952,79,64,5,5
Bhishma,Bhishma Vadha,953,41,64,5,5
Bhishma,Bhishma Vadha,954,20,64,5,5
Bhishma,Bhishma Vadha,955,53,64,5,5
Bhishma,Bhishma Vadha,956,51,64,5,5
Bhishma,Bhishma Vadha,957,57,64,5,5
Bhishma,Bhishma Vadha,958,38,64,5,5
Bhishma,Bhishma Vadha,959,47,64,5,5
Bhishma,Bhishma Vadha,960,37,64,5,5
Bhishma,Bhishma Vadha,961,33,64,5,5
Bhishma,Bhishma Vadha,962,78,64,5,5
Bhishma,Bhishma Vadha,963,101,64,5,5
Bhishma,Bhishma Vadha,964,58,64,5,5
Bhishma,Bhishma Vadha,965,37,64,5,5
Bhishma,Bhishma Vadha,966,45,64,5,5
Bhishma,Bhishma Vadha,967,55,64,5,5
Bhishma,Bhishma Vadha,968,41,64,5,5
Bhishma,Bhishma Vadha,969,48,64,5,5
Bhishma,Bhishma Vadha,970,46,64,5,5
Bhishma,Bhishma Vadha,971,43,64,5,5
Bhishma,Bhishma Vadha,972,138,64,5,5
Bhishma,Bhishma Vadha,973,49,64,5,5
Bhishma,Bhishma Vadha,974,112,64,5,5
Bhishma,Bhishma Vadha,975,65,64,5,5
Bhishma,Bhishma Vadha,976,51,64,5,5
Bhishma,Bhishma Vadha,977,34,64,5,5
Drona,Dronabhisheka,978,49,65,6,5
Drona,Dronabhisheka,979,37,65,6,5
Drona,Dronabhisheka,980,23,65,6,5
Drona,Dronabhisheka,981,15,65,6,5
Drona,Dronabhisheka,982,40,65,6,5
Drona,Dronabhisheka,983,43,65,6,5
Drona,Dronabhisheka,984,36,65,6,5
Drona,Dronabhisheka,985,39,65,6,5
Drona,Dronabhisheka,986,73,65,6,5
Drona,Dronabhisheka,987,51,65,6,5
Drona,Dronabhisheka,988,31,65,6,5
Drona,Dronabhisheka,989,28,65,6,5
Drona,Dronabhisheka,990,80,65,6,5
Drona,Dronabhisheka,991,37,65,6,5
Drona,Dronabhisheka,992,52,65,6,5
Drona,Samshaptaka Vadha,993,49,66,7,5
Drona,Samshaptaka Vadha,994,31,66,7,5
Drona,Samshaptaka Vadha,995,39,66,7,5
Drona,Samshaptaka Vadha,996,64,66,7,5
Drona,Samshaptaka Vadha,997,53,66,7,5
Drona,Samshaptaka Vadha,998,29,66,7,5
Drona,Samshaptaka Vadha,999,63,66,7,5
Drona,Samshaptaka Vadha,1000,19,66,7,5
Drona,Samshaptaka Vadha,1001,61,66,7,5
Drona,Samshaptaka Vadha,1002,59,66,7,5
Drona,Samshaptaka Vadha,1003,29,66,7,5
Drona,Samshaptaka Vadha,1004,30,66,7,5
Drona,Samshaptaka Vadha,1005,44,66,7,5
Drona,Samshaptaka Vadha,1006,41,66,7,5
Drona,Samshaptaka Vadha,1007,29,66,7,5
Drona,Samshaptaka Vadha,1008,77,66,7,5
Drona,Abhimanyu Vadha,1009,26,67,1,6
Drona,Abhimanyu Vadha,1010,20,67,1,6
Drona,Abhimanyu Vadha,1011,29,67,1,6
Drona,Abhimanyu Vadha,1012,44,67,1,6
Drona,Abhimanyu Vadha,1013,36,67,1,6
Drona,Abhimanyu Vadha,1014,23,67,1,6
Drona,Abhimanyu Vadha,1015,30,67,1,6
Drona,Abhimanyu Vadha,1016,31,67,1,6
Drona,Abhimanyu Vadha,1017,24,67,1,6
Drona,Abhimanyu Vadha,1018,20,67,1,6
Drona,Abhimanyu Vadha,1019,19,67,1,6
Drona,Abhimanyu Vadha,1020,21,67,1,6
Drona,Abhimanyu Vadha,1021,30,67,1,6
Drona,Abhimanyu Vadha,1022,26,67,1,6
Drona,Abhimanyu Vadha,1023,24,67,1,6
Drona,Abhimanyu Vadha,1024,40,67,1,6
Drona,Abhimanyu Vadha,1025,53,67,1,6
Drona,Abhimanyu Vadha,1026,21,67,1,6
Drona,Abhimanyu Vadha,1027,83,67,1,6
Drona,Abhimanyu Vadha,1028,43,67,1,6
Drona,Pratijna,1029,33,68,2,6
Drona,Pratijna,1030,56,68,2,6
Drona,Pratijna,1031,26,68,2,6
Drona,Pratijna,1032,40,68,2,6
Drona,Pratijna,1033,41,68,2,6
Drona,Pratijna,1034,81,68,2,6
Drona,Pratijna,1035,33,68,2,6
Drona,Pratijna,1036,21,68,2,6
Drona,Pratijna,1037,34,68,2,6
Drona,Jayadratha Vadha,1038,51,69,3,6
Drona,Jayadratha Vadha,1039,23,69,3,6
Drona,Jayadratha Vadha,1040,33,69,3,6
Drona,Jayadratha Vadha,1041,60,69,3,6
Drona,Jayadratha Vadha,1042,32,69,3,6
Drona,Jayadratha Vadha,1043,43,69,3,6
Drona,Jayadratha Vadha,1044,71,69,3,6
Drona,Jayadratha Vadha,1045,66,69,3,6
Drona,Jayadratha Vadha,1046,75,69,3,6
Drona,Jayadratha Vadha,1047,51,69,3,6
Drona,Jayadratha Vadha,1048,31,69,3,6
Drona,Jayadratha Vadha,1049,35,69,3,6
Drona,Jayadratha Vadha,1050,53,69,3,6
Drona,Jayadratha Vadha,1051,58,69,3,6
Drona,Jayadratha Vadha,1052,36,69,3,6
Drona,Jayadratha Vadha,1053,42,69,3,6
Drona,Jayadratha Vadha,1054,38,69,3,6
Drona,Jayadratha Vadha,1055,46,69,3,6
Drona,Jayadratha Vadha,1056,33,69,3,6
Drona,Jayadratha Vadha,1057,38,69,3,6
Drona,Jayadratha Vadha,1058,46,69,3,6
Drona,Jayadratha Vadha,1059,39,69,3,6
Drona,Jayadratha Vadha,1060,39,69,3,6
Drona,Jayadratha Vadha,1061,30,69,3,6
Drona,Jayadratha Vadha,1062,101,69,3,6
Drona,Jayadratha Vadha,1063,50,69,3,6
Drona,Jayadratha Vadha,1064,75,69,3,6
Drona,Jayadratha Vadha,1065,59,69,3,6
Drona,Jayadratha Vadha,1066,43,69,3,6
Drona,Jayadratha Vadha,1067,50,69,3,6
Drona,Jayadratha Vadha,1068,54,69,3,6
Drona,Jayadratha Vadha,1069,44,69,3,6
Drona,Jayadratha Vadha,1070,35,69,3,6
Drona,Jayadratha Vadha,1071,18,69,3,6
Drona,Jayadratha Vadha,1072,47,69,3,6
Drona,Jayadratha Vadha,1073,45,69,3,6
Drona,Jayadratha Vadha,1074,55,69,3,6
Drona,Jayadratha Vadha,1075,58,69,3,6
Drona,Jayadratha Vadha,1076,28,69,3,6
Drona,Jayadratha Vadha,1077,39,69,3,6
Drona,Jayadratha Vadha,1078,74,69,3,6
Drona,Jayadratha Vadha,1079,105,69,3,6
Drona,Jayadratha Vadha,1080,49,69,3,6
Drona,Jayadratha Vadha,1081,33,69,3,6
Drona,Jayadratha Vadha,1082,36,69,3,6
Drona,Jayadratha Vadha,1083,54,69,3,6
Drona,Jayadratha Vadha,1084,39,69,3,6
Drona,Jayadratha Vadha,1085,41,69,3,6
Drona,Jayadratha Vadha,1086,34,69,3,6
Drona,Jayadratha Vadha,1087,39,69,3,6
Drona,Jayadratha Vadha,1088,35,69,3,6
Drona,Jayadratha Vadha,1089,45,69,3,6
Drona,Jayadratha Vadha,1090,26,69,3,6
Drona,Jayadratha Vadha,1091,94,69,3,6
Drona,Jayadratha Vadha,1092,24,69,3,6
Drona,Jayadratha Vadha,1093,36,69,3,6
Drona,Jayadratha Vadha,1094,62,69,3,6
Drona,Jayadratha Vadha,1095,52,69,3,6
Drona,Jayadratha Vadha,1096,28,69,3,6
Drona,Jayadratha Vadha,1097,89,69,3,6
Drona,Jayadratha Vadha,1098,49,69,3,6
Drona,Ghatotkacha Vadha,1099,88,70,4,6
Drona,Ghatotkacha Vadha,1100,41,70,4,6
Drona,Ghatotkacha Vadha,1101,33,70,4,6
Drona,Ghatotkacha Vadha,1102,33,70,4,6
Drona,Ghatotkacha Vadha,1103,39,70,4,6
Drona,Ghatotkacha Vadha,1104,26,70,4,6
Drona,Ghatotkacha Vadha,1105,34,70,4,6
Drona,Ghatotkacha Vadha,1106,35,70,4,6
Drona,Ghatotkacha Vadha,1107,40,70,4,6
Drona,Ghatotkacha Vadha,1108,135,70,4,6
Drona,Ghatotkacha Vadha,1109,42,70,4,6
Drona,Ghatotkacha Vadha,1110,64,70,4,6
Drona,Ghatotkacha Vadha,1111,81,70,4,6
Drona,Ghatotkacha Vadha,1112,54,70,4,6
Drona,Ghatotkacha Vadha,1113,19,70,4,6
Drona,Ghatotkacha Vadha,1114,51,70,4,6
Drona,Ghatotkacha Vadha,1115,34,70,4,6
Drona,Ghatotkacha Vadha,1116,33,70,4,6
Drona,Ghatotkacha Vadha,1117,41,70,4,6
Drona,Ghatotkacha Vadha,1118,61,70,4,6
Drona,Ghatotkacha Vadha,1119,44,70,4,6
Drona,Ghatotkacha Vadha,1120,42,70,4,6
Drona,Ghatotkacha Vadha,1121,42,70,4,6
Drona,Ghatotkacha Vadha,1122,68,70,4,6
Drona,Ghatotkacha Vadha,1123,51,70,4,6
Drona,Ghatotkacha Vadha,1124,38,70,4,6
Drona,Ghatotkacha Vadha,1125,62,70,4,6
Drona,Ghatotkacha Vadha,1126,37,70,4,6
Drona,Ghatotkacha Vadha,1127,103,70,4,6
Drona,Ghatotkacha Vadha,1128,21,70,4,6
Drona,Ghatotkacha Vadha,1129,47,70,4,6
Drona,Ghatotkacha Vadha,1130,40,70,4,6
Drona,Ghatotkacha Vadha,1131,63,70,4,6
Drona,Drona Vadha Parva,1132,30,71,5,6
Drona,Drona Vadha Parva,1133,33,71,5,6
Drona,Drona Vadha Parva,1134,44,71,5,6
Drona,Drona Vadha Parva,1135,62,71,5,6
Drona,Drona Vadha Parva,1136,50,71,5,6
Drona,Drona Vadha Parva,1137,37,71,5,6
Drona,Drona Vadha Parva,1138,51,71,5,6
Drona,Drona Vadha Parva,1139,52,71,5,6
Drona,Drona Vadha Parva,1140,49,71,5,6
Drona,Drona Vadha Parva,1141,159,71,5,6
Drona,Drona Vadha Parva,1142,125,71,5,6
Drona,Narayana Astra Moksha,1143,60,72,6,6
Drona,Narayana Astra Moksha,1144,50,72,6,6
Drona,Narayana Astra Moksha,1145,39,72,6,6
Drona,Narayana Astra Moksha,1146,62,72,6,6
Drona,Narayana Astra Moksha,1147,61,72,6,6
Drona,Narayana Astra Moksha,1148,69,72,6,6
Drona,Narayana Astra Moksha,1149,94,72,6,6
Drona,Narayana Astra Moksha,1150,103,72,6,6
Karna,Karna Vadha,1151,49,73,1,7
Karna,Karna Vadha,1152,20,73,1,7
Karna,Karna Vadha,1153,14,73,1,7
Karna,Karna Vadha,1154,108,73,1,7
Karna,Karna Vadha,1155,110,73,1,7
Karna,Karna Vadha,1156,46,73,1,7
Karna,Karna Vadha,1157,42,73,1,7
Karna,Karna Vadha,1158,45,73,1,7
Karna,Karna Vadha,1159,35,73,1,7
Karna,Karna Vadha,1160,36,73,1,7
Karna,Karna Vadha,1161,41,73,1,7
Karna,Karna Vadha,1162,71,73,1,7
Karna,Karna Vadha,1163,25,73,1,7
Karna,Karna Vadha,1164,64,73,1,7
Karna,Karna Vadha,1165,43,73,1,7
Karna,Karna Vadha,1166,38,73,1,7
Karna,Karna Vadha,1167,120,73,1,7
Karna,Karna Vadha,1168,76,73,1,7
Karna,Karna Vadha,1169,75,73,1,7
Karna,Karna Vadha,1170,32,73,1,7
Karna,Karna Vadha,1171,42,73,1,7
Karna,Karna Vadha,1172,61,73,1,7
Karna,Karna Vadha,1173,54,73,1,7
Karna,Karna Vadha,1174,161,73,1,7
Karna,Karna Vadha,1175,11,73,1,7
Karna,Karna Vadha,1176,74,73,1,7
Karna,Karna Vadha,1177,105,73,1,7
Karna,Karna Vadha,1178,66,73,1,7
Karna,Karna Vadha,1179,40,73,1,7
Karna,Karna Vadha,1180,88,73,1,7
Karna,Karna Vadha,1181,68,73,1,7
Karna,Karna Vadha,1182,84,73,1,7
Karna,Karna Vadha,1183,70,73,1,7
Karna,Karna Vadha,1184,42,73,1,7
Karna,Karna Vadha,1185,60,73,1,7
Karna,Karna Vadha,1186,40,73,1,7
Karna,Karna Vadha,1187,38,73,1,7
Karna,Karna Vadha,1188,42,73,1,7
Karna,Karna Vadha,1189,38,73,1,7
Karna,Karna Vadha,1190,130,73,1,7
Karna,Karna Vadha,1191,7,73,1,7
Karna,Karna Vadha,1192,57,73,1,7
Karna,Karna Vadha,1193,78,73,1,7
Karna,Karna Vadha,1194,55,73,1,7
Karna,Karna Vadha,1195,73,73,1,7
Karna,Karna Vadha,1196,48,73,1,7
Karna,Karna Vadha,1197,14,73,1,7
Karna,Karna Vadha,1198,15,73,1,7
Karna,Karna Vadha,1199,115,73,1,7
Karna,Karna Vadha,1200,65,73,1,7
Karna,Karna Vadha,1201,110,73,1,7
Karna,Karna Vadha,1202,33,73,1,7
Karna,Karna Vadha,1203,14,73,1,7
Karna,Karna Vadha,1204,29,73,1,7
Karna,Karna Vadha,1205,73,73,1,7
Karna,Karna Vadha,1206,58,73,1,7
Karna,Karna Vadha,1207,69,73,1,7
Karna,Karna Vadha,1208,28,73,1,7
Karna,Karna Vadha,1209,45,73,1,7
Karna,Karna Vadha,1210,33,73,1,7
Karna,Karna Vadha,1211,17,73,1,7
Karna,Karna Vadha,1212,62,73,1,7
Karna,Karna Vadha,1213,83,73,1,7
Karna,Karna Vadha,1214,32,73,1,7
Karna,Karna Vadha,1215,45,73,1,7
Karna,Karna Vadha,1216,65,73,1,7
Karna,Karna Vadha,1217,37,73,1,7
Karna,Karna Vadha,1218,63,73,1,7
Karna,Karna Vadha,1219,43,73,1,7
Shalya,Shalya Vadha,1220,52,74,2,7
Shalya,Shalya Vadha,1221,65,74,2,7
Shalya,Shalya Vadha,1222,50,74,2,7
Shalya,Shalya Vadha,1223,50,74,2,7
Shalya,Shalya Vadha,1224,27,74,2,7
Shalya,Shalya Vadha,1225,41,74,2,7
Shalya,Shalya Vadha,1226,44,74,2,7
Shalya,Shalya Vadha,1227,46,74,2,7
Shalya,Shalya Vadha,1228,65,74,2,7
Shalya,Shalya Vadha,1229,56,74,2,7
Shalya,Shalya Vadha,1230,63,74,2,7
Shalya,Shalya Vadha,1231,45,74,2,7
Shalya,Shalya Vadha,1232,45,74,2,7
Shalya,Shalya Vadha,1233,41,74,2,7
Shalya,Shalya Vadha,1234,67,74,2,7
Shalya,Shalya Vadha,1235,87,74,2,7
Shalya,Hrada Pravesha,1236,39,75,3,7
Shalya,Hrada Pravesha,1237,65,75,3,7
Shalya,Hrada Pravesha,1238,26,75,3,7
Shalya,Hrada Pravesha,1239,36,75,3,7
Shalya,Hrada Pravesha,1240,44,75,3,7
Shalya,Hrada Pravesha,1241,88,75,3,7
Shalya,Hrada Pravesha,1242,64,75,3,7
Shalya,Hrada Pravesha,1243,56,75,3,7
Shalya,Hrada Pravesha,1244,37,75,3,7
Shalya,Hrada Pravesha,1245,54,75,3,7
Shalya,Hrada Pravesha,1246,63,75,3,7
Shalya,Hrada Pravesha,1247,92,75,3,7
Shalya,Tirtha Yatra,1248,66,76,4,7
Shalya,Tirtha Yatra,1249,68,76,4,7
Shalya,Tirtha Yatra,1250,60,76,4,7
Shalya,Tirtha Yatra,1251,52,76,4,7
Shalya,Tirtha Yatra,1252,18,76,4,7
Shalya,Tirtha Yatra,1253,81,76,4,7
Shalya,Tirtha Yatra,1254,53,76,4,7
Shalya,Tirtha Yatra,1255,63,76,4,7
Shalya,Tirtha Yatra,1256,50,76,4,7
Shalya,Tirtha Yatra,1257,33,76,4,7
Shalya,Tirtha Yatra,1258,32,76,4,7
Shalya,Tirtha Yatra,1259,35,76,4,7
Shalya,Tirtha Yatra,1260,39,76,4,7
Shalya,Tirtha Yatra,1261,41,76,4,7
Shalya,Tirtha Yatra,1262,52,76,4,7
Shalya,Tirtha Yatra,1263,110,76,4,7
Shalya,Tirtha Yatra,1264,95,76,4,7
Shalya,Tirtha Yatra,1265,29,76,4,7
Shalya,Tirtha Yatra,1266,61,76,4,7
Shalya,Tirtha Yatra,1267,23,76,4,7
Shalya,Tirtha Yatra,1268,65,76,4,7
Shalya,Tirtha Yatra,1269,51,76,4,7
Shalya,Tirtha Yatra,1270,26,76,4,7
Shalya,Tirtha Yatra,1271,21,76,4,7
Shalya,Tirtha Yatra,1272,37,76,4,7
Shalya,Gada Yuddha,1273,44,77,5,7
Shalya,Gada Yuddha,1274,44,77,5,7
Shalya,Gada Yuddha,1275,67,77,5,7
Shalya,Gada Yuddha,1276,59,77,5,7
Shalya,Gada Yuddha,1277,24,77,5,7
Shalya,Gada Yuddha,1278,44,77,5,7
Shalya,Gada Yuddha,1279,65,77,5,7
Shalya,Gada Yuddha,1280,40,77,5,7
Shalya,Gada Yuddha,1281,73,77,5,7
Shalya,Gada Yuddha,1282,43,77,5,7
Shalya,Gada Yuddha,1283,43,77,5,7
Souptika,Souptika,1284,66,78,1,8
Souptika,Souptika,1285,33,78,1,8
Souptika,Souptika,1286,35,78,1,8
Souptika,Souptika,1287,33,78,1,8
Souptika,Souptika,1288,38,78,1,8
Souptika,Souptika,1289,34,78,1,8
Souptika,Souptika,1290,66,78,1,8
Souptika,Souptika,1291,151,78,1,8
Souptika,Souptika,1292,59,78,1,8
Souptika,Aishika,1293,30,79,2,8
Souptika,Aishika,1294,30,79,2,8
Souptika,Aishika,1295,40,79,2,8
Souptika,Aishika,1296,20,79,2,8
Souptika,Aishika,1297,16,79,2,8
Souptika,Aishika,1298,33,79,2,8
Souptika,Aishika,1299,36,79,2,8
Souptika,Aishika,1300,26,79,2,8
Souptika,Aishika,1301,26,79,2,8
Stri,Vishoka,1302,37,80,3,8
Stri,Vishoka,1303,23,80,3,8
Stri,Vishoka,1304,17,80,3,8
Stri,Vishoka,1305,15,80,3,8
Stri,Vishoka,1306,22,80,3,8
Stri,Vishoka,1307,12,80,3,8
Stri,Vishoka,1308,20,80,3,8
Stri,Vishoka,1309,48,80,3,8
Stri,Stri,1310,21,81,4,8
Stri,Stri,1311,23,81,4,8
Stri,Stri,1312,30,81,4,8
Stri,Stri,1313,15,81,4,8
Stri,Stri,1314,19,81,4,8
Stri,Stri,1315,22,81,4,8
Stri,Stri,1316,20,81,4,8
Stri,Stri,1317,59,81,4,8
Stri,Stri,1318,30,81,4,8
Stri,Stri,1319,28,81,4,8
Stri,Stri,1320,21,81,4,8
Stri,Stri,1321,32,81,4,8
Stri,Stri,1322,14,81,4,8
Stri,Stri,1323,18,81,4,8
Stri,Stri,1324,42,81,4,8
Stri,Stri,1325,28,81,4,8
Stri,Stri,1326,46,81,4,8
Stri,Shraddha,1327,44,82,5,8
Stri,Jala Pradanika,1328,24,83,6,8
Shanti,Raja Dharma,1329,44,84,7,8
Shanti,Raja Dharma,1330,29,84,7,8
Shanti,Raja Dharma,1331,33,84,7,8
Shanti,Raja Dharma,1332,21,84,7,8
Shanti,Raja Dharma,1333,15,84,7,8
Shanti,Raja Dharma,1334,12,84,7,8
Shanti,Raja Dharma,1335,41,84,7,8
Shanti,Raja Dharma,1336,37,84,7,8
Shanti,Raja Dharma,1337,37,84,7,8
Shanti,Raja Dharma,1338,28,84,7,8
Shanti,Raja Dharma,1339,28,84,7,8
Shanti,Raja Dharma,1340,36,84,7,8
Shanti,Raja Dharma,1341,13,84,7,8
Shanti,Raja Dharma,1342,39,84,7,8
Shanti,Raja Dharma,1343,58,84,7,8
Shanti,Raja Dharma,1344,26,84,7,8
Shanti,Raja Dharma,1345,23,84,7,8
Shanti,Raja Dharma,1346,38,84,7,8
Shanti,Raja Dharma,1347,23,84,7,8
Shanti,Raja Dharma,1348,14,84,7,8
Shanti,Raja Dharma,1349,19,84,7,8
Shanti,Raja Dharma,1350,15,84,7,8
Shanti,Raja Dharma,1351,16,84,7,8
Shanti,Raja Dharma,1352,30,84,7,8
Shanti,Raja Dharma,1353,33,84,7,8
Shanti,Raja Dharma,1354,36,84,7,8
Shanti,Raja Dharma,1355,32,84,7,8
Shanti,Raja Dharma,1356,58,84,7,8
Shanti,Raja Dharma,1357,141,84,7,8
Shanti,Raja Dharma,1358,42,84,7,8
Shanti,Raja Dharma,1359,47,84,7,8
Shanti,Raja Dharma,1360,24,84,7,8
Shanti,Raja Dharma,1361,12,84,7,8
Shanti,Raja Dharma,1362,36,84,7,8
Shanti,Raja Dharma,1363,32,84,7,8
Shanti,Raja Dharma,1364,46,84,7,8
Shanti,Raja Dharma,1365,43,84,7,8
Shanti,Raja Dharma,1366,49,84,7,8
Shanti,Raja Dharma,1367,49,84,7,8
Shanti,Raja Dharma,1368,22,84,7,8
Shanti,Raja Dharma,1369,18,84,7,8
Shanti,Raja Dharma,1370,12,84,7,8
Shanti,Raja Dharma,1371,17,84,7,8
Shanti,Raja Dharma,1372,16,84,7,8
Shanti,Raja Dharma,1373,20,84,7,8
Shanti,Raja Dharma,1374,35,84,7,8
Shanti,Raja Dharma,1375,72,84,7,8
Shanti,Raja Dharma,1376,15,84,7,8
Shanti,Raja Dharma,1377,80,84,7,8
Shanti,Raja Dharma,1378,36,84,7,8
Shanti,Raja Dharma,1379,18,84,7,8
Shanti,Raja Dharma,1380,34,84,7,8
Shanti,Raja Dharma,1381,27,84,7,8
Shanti,Raja Dharma,1382,39,84,7,8
Shanti,Raja Dharma,1383,20,84,7,8
Shanti,Raja Dharma,1384,60,84,7,8
Shanti,Raja Dharma,1385,45,84,7,8
Shanti,Raja Dharma,1386,30,84,7,8
Shanti,Raja Dharma,1387,141,84,7,8
Shanti,Raja Dharma,1388,52,84,7,8
Shanti,Raja Dharma,1389,21,84,7,8
Shanti,Raja Dharma,1390,11,84,7,8
Shanti,Raja Dharma,1391,30,84,7,8
Shanti,Raja Dharma,1392,29,84,7,8
Shanti,Raja Dharma,1393,35,84,7,8
Shanti,Raja Dharma,1394,37,84,7,8
Shanti,Raja Dharma,1395,38,84,7,8
Shanti,Raja Dharma,1396,61,84,7,8
Shanti,Raja Dharma,1397,71,84,7,8
Shanti,Raja Dharma,1398,32,84,7,8
Shanti,Raja Dharma,1399,14,84,7,8
Shanti,Raja Dharma,1400,33,84,7,8
Shanti,Raja Dharma,1401,26,84,7,8
Shanti,Raja Dharma,1402,32,84,7,8
Shanti,Raja Dharma,1403,22,84,7,8
Shanti,Raja Dharma,1404,37,84,7,8
Shanti,Raja Dharma,1405,14,84,7,8
Shanti,Raja Dharma,1406,34,84,7,8
Shanti,Raja Dharma,1407,43,84,7,8
Shanti,Raja Dharma,1408,20,84,7,8
Shanti,Raja Dharma,1409,41,84,7,8
Shanti,Raja Dharma,1410,30,84,7,8
Shanti,Raja Dharma,1411,67,84,7,8
Shanti,Raja Dharma,1412,54,84,7,8
Shanti,Raja Dharma,1413,11,84,7,8
Shanti,Raja Dharma,1414,33,84,7,8
Shanti,Raja Dharma,1415,33,84,7,8
Shanti,Raja Dharma,1416,38,84,7,8
Shanti,Raja Dharma,1417,29,84,7,8
Shanti,Raja Dharma,1418,25,84,7,8
Shanti,Raja Dharma,1419,38,84,7,8
Shanti,Raja Dharma,1420,56,84,7,8
Shanti,Raja Dharma,1421,19,84,7,8
Shanti,Raja Dharma,1422,38,84,7,8
Shanti,Raja Dharma,1423,13,84,7,8
Shanti,Raja Dharma,1424,21,84,7,8
Shanti,Raja Dharma,1425,23,84,7,8
Shanti,Raja Dharma,1426,31,84,7,8
Shanti,Raja Dharma,1427,50,84,7,8
Shanti,Raja Dharma,1428,18,84,7,8
Shanti,Raja Dharma,1429,47,84,7,8
Shanti,Raja Dharma,1430,20,84,7,8
Shanti,Raja Dharma,1431,41,84,7,8
Shanti,Raja Dharma,1432,52,84,7,8
Shanti,Raja Dharma,1433,53,84,7,8
Shanti,Raja Dharma,1434,24,84,7,8
Shanti,Raja Dharma,1435,27,84,7,8
Shanti,Raja Dharma,1436,31,84,7,8
Shanti,Raja Dharma,1437,28,84,7,8
Shanti,Raja Dharma,1438,26,84,7,8
Shanti,Raja Dharma,1439,29,84,7,8
Shanti,Raja Dharma,1440,86,84,7,8
Shanti,Raja Dharma,1441,21,84,7,8
Shanti,Raja Dharma,1442,14,84,7,8
Shanti,Raja Dharma,1443,20,84,7,8
Shanti,Raja Dharma,1444,22,84,7,8
Shanti,Raja Dharma,1445,44,84,7,8
Shanti,Raja Dharma,1446,28,84,7,8
Shanti,Raja Dharma,1447,20,84,7,8
Shanti,Raja Dharma,1448,54,84,7,8
Shanti,Raja Dharma,1449,57,84,7,8
Shanti,Raja Dharma,1450,55,84,7,8
Shanti,Raja Dharma,1451,24,84,7,8
Shanti,Raja Dharma,1452,69,84,7,8
Shanti,Raja Dharma,1453,34,84,7,8
Shanti,Raja Dharma,1454,52,84,7,8
Shanti,Raja Dharma,1455,10,84,7,8
Shanti,Raja Dharma,1456,49,84,7,8
Shanti,Apad Dharma,1457,14,85,8,8
Shanti,Apad Dharma,1458,21,85,8,8
Shanti,Apad Dharma,1459,18,85,8,8
Shanti,Apad Dharma,1460,15,85,8,8
Shanti,Apad Dharma,1461,26,85,8,8
Shanti,Apad Dharma,1462,10,85,8,8
Shanti,Apad Dharma,1463,23,85,8,8
Shanti,Apad Dharma,1464,211,85,8,8
Shanti,Apad Dharma,1465,109,85,8,8
Shanti,Apad Dharma,1466,70,85,8,8
Shanti,Apad Dharma,1467,94,85,8,8
Shanti,Apad Dharma,1468,37,85,8,8
Shanti,Apad Dharma,1469,27,85,8,8
Shanti,Apad Dharma,1470,44,85,8,8
Shanti,Apad Dharma,1471,10,85,8,8
Shanti,Apad Dharma,1472,12,85,8,8
Shanti,Apad Dharma,1473,18,85,8,8
Shanti,Apad Dharma,1474,18,85,8,8
Shanti,Apad Dharma,1475,22,85,8,8
Shanti,Apad Dharma,1476,35,85,8,8
Shanti,Apad Dharma,1477,117,85,8,8
Shanti,Apad Dharma,1478,36,85,8,8
Shanti,Apad Dharma,1479,34,85,8,8
Shanti,Apad Dharma,1480,32,85,8,8
Shanti,Apad Dharma,1481,14,85,8,8
Shanti,Apad Dharma,1482,38,85,8,8
Shanti,Apad Dharma,1483,13,85,8,8
Shanti,Apad Dharma,1484,26,85,8,8
Shanti,Apad Dharma,1485,18,85,8,8
Shanti,Apad Dharma,1486,13,85,8,8
Shanti,Apad Dharma,1487,72,85,8,8
Shanti,Apad Dharma,1488,87,85,8,8
Shanti,Apad Dharma,1489,48,85,8,8
Shanti,Apad Dharma,1490,49,85,8,8
Shanti,Apad Dharma,1491,23,85,8,8
Shanti,Apad Dharma,1492,26,85,8,8
Shanti,Apad Dharma,1493,31,85,8,8
Shanti,Apad Dharma,1494,25,85,8,8
Shanti,Apad Dharma,1495,24,85,8,8
Shanti,Moksha Dharma,1496,53,86,9,8
Shanti,Moksha Dharma,1497,37,86,9,8
Shanti,Moksha Dharma,1498,23,86,9,8
Shanti,Moksha Dharma,1499,61,86,9,8
Shanti,Moksha Dharma,1500,37,86,9,8
Shanti,Moksha Dharma,1501,52,86,9,8
Shanti,Moksha Dharma,1502,20,86,9,8
Shanti,Moksha Dharma,1503,37,86,9,8
Shanti,Moksha Dharma,1504,17,86,9,8
Shanti,Moksha Dharma,1505,39,86,9,8
Shanti,Moksha Dharma,1506,17,86,9,8
Shanti,Moksha Dharma,1507,15,86,9,8
Shanti,Moksha Dharma,1508,30,86,9,8
Shanti,Moksha Dharma,1509,20,86,9,8
Shanti,Moksha Dharma,1510,17,86,9,8
Shanti,Moksha Dharma,1511,16,86,9,8
Shanti,Moksha Dharma,1512,18,86,9,8
Shanti,Moksha Dharma,1513,27,86,9,8
Shanti,Moksha Dharma,1514,32,86,9,8
Shanti,Moksha Dharma,1515,60,86,9,8
Shanti,Moksha Dharma,1516,22,86,9,8
Shanti,Moksha Dharma,1517,21,86,9,8
Shanti,Moksha Dharma,1518,13,86,9,8
Shanti,Moksha Dharma,1519,11,86,9,8
Shanti,Moksha Dharma,1520,127,86,9,8
Shanti,Moksha Dharma,1521,32,86,9,8
Shanti,Moksha Dharma,1522,24,86,9,8
Shanti,Moksha Dharma,1523,23,86,9,8
Shanti,Moksha Dharma,1524,23,86,9,8
Shanti,Moksha Dharma,1525,20,86,9,8
Shanti,Moksha Dharma,1526,18,86,9,8
Shanti,Moksha Dharma,1527,32,86,9,8
Shanti,Moksha Dharma,1528,46,86,1,9
Shanti,Moksha Dharma,1529,35,86,1,9
Shanti,Moksha Dharma,1530,33,86,1,9
Shanti,Moksha Dharma,1531,43,86,1,9
Shanti,Moksha Dharma,1532,16,86,1,9
Shanti,Moksha Dharma,1533,33,86,1,9
Shanti,Moksha Dharma,1534,21,86,1,9
Shanti,Moksha Dharma,1535,29,86,1,9
Shanti,Moksha Dharma,1536,26,86,1,9
Shanti,Moksha Dharma,1537,20,86,1,9
Shanti,Moksha Dharma,1538,36,86,1,9
Shanti,Moksha Dharma,1539,48,86,1,9
Shanti,Moksha Dharma,1540,52,86,1,9
Shanti,Moksha Dharma,1541,18,86,1,9
Shanti,Moksha Dharma,1542,16,86,1,9
Shanti,Moksha Dharma,1543,37,86,1,9
Shanti,Moksha Dharma,1544,28,86,1,9
Shanti,Moksha Dharma,1545,59,86,1,9
Shanti,Moksha Dharma,1546,38,86,1,9
Shanti,Moksha Dharma,1547,23,86,1,9
Shanti,Moksha Dharma,1548,118,86,1,9
Shanti,Moksha Dharma,1549,94,86,1,9
Shanti,Moksha Dharma,1550,24,86,1,9
Shanti,Moksha Dharma,1551,23,86,1,9
Shanti,Moksha Dharma,1552,75,86,1,9
Shanti,Moksha Dharma,1553,16,86,1,9
Shanti,Moksha Dharma,1554,38,86,1,9
Shanti,Moksha Dharma,1555,31,86,1,9
Shanti,Moksha Dharma,1556,38,86,1,9
Shanti,Moksha Dharma,1557,25,86,1,9
Shanti,Moksha Dharma,1558,21,86,1,9
Shanti,Moksha Dharma,1559,34,86,1,9
Shanti,Moksha Dharma,1560,34,86,1,9
Shanti,Moksha Dharma,1561,20,86,1,9
Shanti,Moksha Dharma,1562,29,86,1,9
Shanti,Moksha Dharma,1563,27,86,1,9
Shanti,Moksha Dharma,1564,30,86,1,9
Shanti,Moksha Dharma,1565,36,86,1,9
Shanti,Moksha Dharma,1566,20,86,1,9
Shanti,Moksha Dharma,1567,25,86,1,9
Shanti,Moksha Dharma,1568,22,86,1,9
Shanti,Moksha Dharma,1569,14,86,1,9
Shanti,Moksha Dharma,1570,25,86,1,9
Shanti,Moksha Dharma,1571,23,86,1,9
Shanti,Moksha Dharma,1572,12,86,1,9
Shanti,Moksha Dharma,1573,14,86,1,9
Shanti,Moksha Dharma,1574,15,86,1,9
Shanti,Moksha Dharma,1575,13,86,1,9
Shanti,Moksha Dharma,1576,21,86,1,9
Shanti,Moksha Dharma,1577,22,86,1,9
Shanti,Moksha Dharma,1578,41,86,1,9
Shanti,Moksha Dharma,1579,26,86,1,9
Shanti,Moksha Dharma,1580,20,86,1,9
Shanti,Moksha Dharma,1581,51,86,1,9
Shanti,Moksha Dharma,1582,52,86,1,9
Shanti,Moksha Dharma,1583,41,86,1,9
Shanti,Moksha Dharma,1584,22,86,1,9
Shanti,Moksha Dharma,1585,13,86,1,9
Shanti,Moksha Dharma,1586,75,86,1,9
Shanti,Moksha Dharma,1587,35,86,1,9
Shanti,Moksha Dharma,1588,39,86,1,9
Shanti,Moksha Dharma,1589,61,86,1,9
Shanti,Moksha Dharma,1590,45,86,1,9
Shanti,Moksha Dharma,1591,55,86,1,9
Shanti,Moksha Dharma,1592,19,86,1,9
Shanti,Moksha Dharma,1593,23,86,1,9
Shanti,Moksha Dharma,1594,19,86,1,9
Shanti,Moksha Dharma,1595,38,86,1,9
Shanti,Moksha Dharma,1596,14,86,1,9
Shanti,Moksha Dharma,1597,20,86,1,9
Shanti,Moksha Dharma,1598,34,86,1,9
Shanti,Moksha Dharma,1599,69,86,1,9
Shanti,Moksha Dharma,1600,44,86,1,9
Shanti,Moksha Dharma,1601,63,86,1,9
Shanti,Moksha Dharma,1602,60,86,1,9
Shanti,Moksha Dharma,1603,21,86,1,9
Shanti,Moksha Dharma,1604,58,86,1,9
Shanti,Moksha Dharma,1605,47,86,1,9
Shanti,Moksha Dharma,1606,38,86,1,9
Shanti,Moksha Dharma,1607,25,86,1,9
Shanti,Moksha Dharma,1608,23,86,1,9
Shanti,Moksha Dharma,1609,23,86,1,9
Shanti,Moksha Dharma,1610,21,86,1,9
Shanti,Moksha Dharma,1611,30,86,1,9
Shanti,Moksha Dharma,1612,39,86,1,9
Shanti,Moksha Dharma,1613,39,86,1,9
Shanti,Moksha Dharma,1614,41,86,1,9
Shanti,Moksha Dharma,1615,45,86,1,9
Shanti,Moksha Dharma,1616,45,86,1,9
Shanti,Moksha Dharma,1617,62,86,1,9
Shanti,Moksha Dharma,1618,110,86,1,9
Shanti,Moksha Dharma,1619,48,86,1,9
Shanti,Moksha Dharma,1620,48,86,1,9
Shanti,Moksha Dharma,1621,50,86,1,9
Shanti,Moksha Dharma,1622,49,86,1,9
Shanti,Moksha Dharma,1623,46,86,1,9
Shanti,Moksha Dharma,1624,50,86,1,9
Shanti,Moksha Dharma,1625,25,86,1,9
Shanti,Moksha Dharma,1626,26,86,1,9
Shanti,Moksha Dharma,1627,18,86,1,9
Shanti,Moksha Dharma,1628,17,86,1,9
Shanti,Moksha Dharma,1629,27,86,1,9
Shanti,Moksha Dharma,1630,18,86,1,9
Shanti,Moksha Dharma,1631,21,86,1,9
Shanti,Moksha Dharma,1632,27,86,1,9
Shanti,Moksha Dharma,1633,21,86,1,9
Shanti,Moksha Dharma,1634,108,86,1,9
Shanti,Moksha Dharma,1635,14,86,1,9
Shanti,Moksha Dharma,1636,191,86,1,9
Shanti,Moksha Dharma,1637,52,86,1,9
Shanti,Moksha Dharma,1638,29,86,1,9
Shanti,Moksha Dharma,1639,27,86,1,9
Shanti,Moksha Dharma,1640,46,86,1,9
Shanti,Moksha Dharma,1641,51,86,1,9
Shanti,Moksha Dharma,1642,49,86,1,9
Shanti,Moksha Dharma,1643,57,86,1,9
Shanti,Moksha Dharma,1644,59,86,1,9
Shanti,Moksha Dharma,1645,30,86,1,9
Shanti,Moksha Dharma,1646,63,86,1,9
Shanti,Moksha Dharma,1647,29,86,1,9
Shanti,Moksha Dharma,1648,41,86,1,9
Shanti,Moksha Dharma,1649,43,86,1,9
Shanti,Moksha Dharma,1650,52,86,1,9
Shanti,Moksha Dharma,1651,57,86,1,9
Shanti,Moksha Dharma,1652,39,86,1,9
Shanti,Moksha Dharma,1653,4,86,1,9
Shanti,Moksha Dharma,1654,124,86,1,9
Shanti,Moksha Dharma,1655,107,86,1,9
Shanti,Moksha Dharma,1656,53,86,1,9
Shanti,Moksha Dharma,1657,50,86,1,9
Shanti,Moksha Dharma,1658,71,86,1,9
Shanti,Moksha Dharma,1659,52,86,1,9
Shanti,Moksha Dharma,1660,26,86,1,9
Shanti,Moksha Dharma,1661,25,86,1,9
Shanti,Moksha Dharma,1662,17,86,1,9
Shanti,Moksha Dharma,1663,89,86,1,9
Shanti,Moksha Dharma,1664,82,86,1,9
Shanti,Moksha Dharma,1665,69,86,1,9
Shanti,Moksha Dharma,1666,25,86,1,9
Shanti,Moksha Dharma,1667,21,86,1,9
Shanti,Moksha Dharma,1668,11,86,1,9
Shanti,Moksha Dharma,1669,9,86,1,9
Shanti,Moksha Dharma,1670,16,86,1,9
Shanti,Moksha Dharma,1671,11,86,1,9
Shanti,Moksha Dharma,1672,10,86,1,9
Shanti,Moksha Dharma,1673,13,86,1,9
Shanti,Moksha Dharma,1674,13,86,1,9
Shanti,Moksha Dharma,1675,16,86,1,9
Shanti,Moksha Dharma,1676,20,86,1,9
Shanti,Moksha Dharma,1677,16,86,1,9
Shanti,Moksha Dharma,1678,15,86,1,9
Shanti,Moksha Dharma,1679,6,86,1,9
Shanti,Moksha Dharma,1680,10,86,1,9
Shanti,Moksha Dharma,1681,9,86,1,9
Anusashana,Dana Dharma,1682,76,87,2,9
Anusashana,Dana Dharma,1683,95,87,2,9
Anusashana,Dana Dharma,1684,18,87,2,9
Anusashana,Dana Dharma,1685,61,87,2,9
Anusashana,Dana Dharma,1686,31,87,2,9
Anusashana,Dana Dharma,1687,49,87,2,9
Anusashana,Dana Dharma,1688,29,87,2,9
Anusashana,Dana Dharma,1689,28,87,2,9
Anusashana,Dana Dharma,1690,24,87,2,9
Anusashana,Dana Dharma,1691,70,87,2,9
Anusashana,Dana Dharma,1692,20,87,2,9
Anusashana,Dana Dharma,1693,49,87,2,9
Anusashana,Dana Dharma,1694,6,87,2,9
Anusashana,Dana Dharma,1695,199,87,2,9
Anusashana,Dana Dharma,1696,51,87,2,9
Anusashana,Dana Dharma,1697,75,87,2,9
Anusashana,Dana Dharma,1698,171,87,2,9
Anusashana,Dana Dharma,1699,59,87,2,9
Anusashana,Dana Dharma,1700,25,87,2,9
Anusashana,Dana Dharma,1701,76,87,2,9
Anusashana,Dana Dharma,1702,24,87,2,9
Anusashana,Dana Dharma,1703,19,87,2,9
Anusashana,Dana Dharma,1704,41,87,2,9
Anusashana,Dana Dharma,1705,101,87,2,9
Anusashana,Dana Dharma,1706,12,87,2,9
Anusashana,Dana Dharma,1707,66,87,2,9
Anusashana,Dana Dharma,1708,104,87,2,9
Anusashana,Dana Dharma,1709,28,87,2,9
Anusashana,Dana Dharma,1710,16,87,2,9
Anusashana,Dana Dharma,1711,16,87,2,9
Anusashana,Dana Dharma,1712,64,87,2,9
Anusashana,Dana Dharma,1713,33,87,2,9
Anusashana,Dana Dharma,1714,25,87,2,9
Anusashana,Dana Dharma,1715,29,87,2,9
Anusashana,Dana Dharma,1716,23,87,2,9
Anusashana,Dana Dharma,1717,19,87,2,9
Anusashana,Dana Dharma,1718,19,87,2,9
Anusashana,Dana Dharma,1719,30,87,2,9
Anusashana,Dana Dharma,1720,12,87,2,9
Anusashana,Dana Dharma,1721,59,87,2,9
Anusashana,Dana Dharma,1722,35,87,2,9
Anusashana,Dana Dharma,1723,33,87,2,9
Anusashana,Dana Dharma,1724,26,87,2,9
Anusashana,Dana Dharma,1725,54,87,2,9
Anusashana,Dana Dharma,1726,24,87,2,9
Anusashana,Dana Dharma,1727,14,87,2,9
Anusashana,Dana Dharma,1728,61,87,2,9
Anusashana,Dana Dharma,1729,49,87,2,9
Anusashana,Dana Dharma,1730,28,87,2,9
Anusashana,Dana Dharma,1731,26,87,2,9
Anusashana,Dana Dharma,1732,48,87,2,9
Anusashana,Dana Dharma,1733,39,87,2,9
Anusashana,Dana Dharma,1734,69,87,2,9
Anusashana,Dana Dharma,1735,40,87,2,9
Anusashana,Dana Dharma,1736,35,87,2,9
Anusashana,Dana Dharma,1737,20,87,2,9
Anusashana,Dana Dharma,1738,44,87,1,10
Anusashana,Dana Dharma,1739,40,87,1,10
Anusashana,Dana Dharma,1740,19,87,1,10
Anusashana,Dana Dharma,1741,25,87,1,10
Anusashana,Dana Dharma,1742,93,87,1,10
Anusashana,Dana Dharma,1743,51,87,1,10
Anusashana,Dana Dharma,1744,36,87,1,10
Anusashana,Dana Dharma,1745,19,87,1,10
Anusashana,Dana Dharma,1746,63,87,1,10
Anusashana,Dana Dharma,1747,19,87,1,10
Anusashana,Dana Dharma,1748,33,87,1,10
Anusashana,Dana Dharma,1749,21,87,1,10
Anusashana,Dana Dharma,1750,33,87,1,10
Anusashana,Dana Dharma,1751,56,87,1,10
Anusashana,Dana Dharma,1752,12,87,1,10
Anusashana,Dana Dharma,1753,48,87,1,10
Anusashana,Dana Dharma,1754,15,87,1,10
Anusashana,Dana Dharma,1755,39,87,1,10
Anusashana,Dana Dharma,1756,31,87,1,10
Anusashana,Dana Dharma,1757,35,87,1,10
Anusashana,Dana Dharma,1758,24,87,1,10
Anusashana,Dana Dharma,1759,27,87,1,10
Anusashana,Dana Dharma,1760,17,87,1,10
Anusashana,Dana Dharma,1761,45,87,1,10
Anusashana,Dana Dharma,1762,26,87,1,10
Anusashana,Dana Dharma,1763,47,87,1,10
Anusashana,Dana Dharma,1764,57,87,1,10
Anusashana,Dana Dharma,1765,81,87,1,10
Anusashana,Dana Dharma,1766,70,87,1,10
Anusashana,Dana Dharma,1767,34,87,1,10
Anusashana,Dana Dharma,1768,19,87,1,10
Anusashana,Dana Dharma,1769,15,87,1,10
Anusashana,Dana Dharma,1770,15,87,1,10
Anusashana,Dana Dharma,1771,47,87,1,10
Anusashana,Dana Dharma,1772,45,87,1,10
Anusashana,Dana Dharma,1773,22,87,1,10
Anusashana,Dana Dharma,1774,17,87,1,10
Anusashana,Dana Dharma,1775,44,87,1,10
Anusashana,Dana Dharma,1776,86,87,1,10
Anusashana,Dana Dharma,1777,54,87,1,10
Anusashana,Dana Dharma,1778,27,87,1,10
Anusashana,Dana Dharma,1779,22,87,1,10
Anusashana,Dana Dharma,1780,33,87,1,10
Anusashana,Dana Dharma,1781,25,87,1,10
Anusashana,Dana Dharma,1782,65,87,1,10
Anusashana,Dana Dharma,1783,29,87,1,10
Anusashana,Dana Dharma,1784,37,87,1,10
Anusashana,Dana Dharma,1785,29,87,1,10
Anusashana,Dana Dharma,1786,62,87,1,10
Anusashana,Dana Dharma,1787,42,87,1,10
Anusashana,Dana Dharma,1788,148,87,1,10
Anusashana,Dana Dharma,1789,19,87,1,10
Anusashana,Dana Dharma,1790,69,87,1,10
Anusashana,Dana Dharma,1791,137,87,1,10
Anusashana,Dana Dharma,1792,21,87,1,10
Anusashana,Dana Dharma,1793,113,87,1,10
Anusashana,Dana Dharma,1794,28,87,1,10
Anusashana,Dana Dharma,1795,11,87,1,10
Anusashana,Dana Dharma,1796,16,87,1,10
Anusashana,Dana Dharma,1797,76,87,1,10
Anusashana,Dana Dharma,1798,41,87,1,10
Anusashana,Dana Dharma,1799,28,87,1,10
Anusashana,Dana Dharma,1800,23,87,1,10
Anusashana,Dana Dharma,1801,14,87,1,10
Anusashana,Dana Dharma,1802,23,87,1,10
Anusashana,Dana Dharma,1803,16,87,1,10
Anusashana,Dana Dharma,1804,19,87,1,10
Anusashana,Dana Dharma,1805,22,87,1,10
Anusashana,Dana Dharma,1806,38,87,1,10
Anusashana,Dana Dharma,1807,50,87,1,10
Anusashana,Dana Dharma,1808,51,87,1,10
Anusashana,Dana Dharma,1809,59,87,1,10
Anusashana,Dana Dharma,1810,55,87,1,10
Anusashana,Dana Dharma,1811,57,87,1,10
Anusashana,Dana Dharma,1812,58,87,1,10
Anusashana,Dana Dharma,1813,58,87,1,10
Anusashana,Dana Dharma,1814,63,87,1,10
Anusashana,Dana Dharma,1815,57,87,1,10
Anusashana,Dana Dharma,1816,142,87,1,10
Anusashana,Dana Dharma,1817,23,87,1,10
Anusashana,Dana Dharma,1818,26,87,1,10
Anusashana,Dana Dharma,1819,19,87,1,10
Anusashana,Dana Dharma,1820,31,87,1,10
Anusashana,Dana Dharma,1821,26,87,1,10
Anusashana,Dana Dharma,1822,30,87,1,10
Anusashana,Dana Dharma,1823,23,87,1,10
Anusashana,Dana Dharma,1824,44,87,1,10
Anusashana,Dana Dharma,1825,51,87,1,10
Anusashana,Dana Dharma,1826,41,87,1,10
Anusashana,Dana Dharma,1827,29,87,1,10
Anusashana,Dana Dharma,1828,25,87,1,10
Anusashana,Dana Dharma,1829,36,87,1,10
Anusashana,Dana Dharma,1830,13,87,1,10
Anusashana,Dana Dharma,1831,9,87,1,10
Anusashana,Dana Dharma,1832,51,87,1,10
Anusashana,Dana Dharma,1833,13,87,1,10
Anusashana,Bhisma Svargarohana,1834,50,88,2,10
Anusashana,Bhisma Svargarohana,1835,34,88,2,10
Ashvamedhika,Ashvamedhika,1836,19,89,3,10
Ashvamedhika,Ashvamedhika,1837,20,89,3,10
Ashvamedhika,Ashvamedhika,1838,22,89,3,10
Ashvamedhika,Ashvamedhika,1839,27,89,3,10
Ashvamedhika,Ashvamedhika,1840,26,89,3,10
Ashvamedhika,Ashvamedhika,1841,33,89,3,10
Ashvamedhika,Ashvamedhika,1842,27,89,3,10
Ashvamedhika,Ashvamedhika,1843,35,89,3,10
Ashvamedhika,Ashvamedhika,1844,37,89,3,10
Ashvamedhika,Ashvamedhika,1845,36,89,3,10
Ashvamedhika,Ashvamedhika,1846,20,89,3,10
Ashvamedhika,Ashvamedhika,1847,14,89,3,10
Ashvamedhika,Ashvamedhika,1848,21,89,3,10
Ashvamedhika,Ashvamedhika,1849,17,89,3,10
Ashvamedhika,Ashvamedhika,1850,34,89,3,10
Ashvamedhika,Ashvamedhika,1851,43,89,3,10
Ashvamedhika,Ashvamedhika,1852,39,89,3,10
Ashvamedhika,Ashvamedhika,1853,34,89,3,10
Ashvamedhika,Ashvamedhika,1854,60,89,3,10
Ashvamedhika,Ashvamedhika,1855,27,89,3,10
Ashvamedhika,Ashvamedhika,1856,21,89,3,10
Ashvamedhika,Ashvamedhika,1857,29,89,3,10
Ashvamedhika,Ashvamedhika,1858,24,89,3,10
Ashvamedhika,Ashvamedhika,1859,20,89,3,10
Ashvamedhika,Ashvamedhika,1860,17,89,3,10
Ashvamedhika,Ashvamedhika,1861,18,89,3,10
Ashvamedhika,Ashvamedhika,1862,25,89,3,10
Ashvamedhika,Ashvamedhika,1863,28,89,3,10
Ashvamedhika,Ashvamedhika,1864,22,89,3,10
Ashvamedhika,Ashvamedhika,1865,31,89,3,10
Ashvamedhika,Ashvamedhika,1866,13,89,3,10
Ashvamedhika,Ashvamedhika,1867,25,89,3,10
Ashvamedhika,Ashvamedhika,1868,8,89,3,10
Ashvamedhika,Ashvamedhika,1869,12,89,3,10
Ashvamedhika,Ashvamedhika,1870,40,89,3,10
Ashvamedhika,Ashvamedhika,1871,36,89,3,10
Ashvamedhika,Ashvamedhika,1872,17,89,3,10
Ashvamedhika,Ashvamedhika,1873,15,89,3,10
Ashvamedhika,Ashvamedhika,1874,24,89,3,10
Ashvamedhika,Ashvamedhika,1875,9,89,3,10
Ashvamedhika,Ashvamedhika,1876,5,89,3,10
Ashvamedhika,Ashvamedhika,1877,62,89,3,10
Ashvamedhika,Ashvamedhika,1878,40,89,3,10
Ashvamedhika,Ashvamedhika,1879,21,89,3,10
Ashvamedhika,Ashvamedhika,1880,25,89,3,10
Ashvamedhika,Ashvamedhika,1881,55,89,3,10
Ashvamedhika,Ashvamedhika,1882,16,89,3,10
Ashvamedhika,Ashvamedhika,1883,29,89,3,10
Ashvamedhika,Ashvamedhika,1884,55,89,3,10
Ashvamedhika,Ashvamedhika,1885,51,89,3,10
Ashvamedhika,Ashvamedhika,1886,56,89,3,10
Ashvamedhika,Ashvamedhika,1887,26,89,3,10
Ashvamedhika,Ashvamedhika,1888,22,89,3,10
Ashvamedhika,Ashvamedhika,1889,35,89,3,10
Ashvamedhika,Ashvamedhika,1890,35,89,3,10
Ashvamedhika,Ashvamedhika,1891,28,89,3,10
Ashvamedhika,Ashvamedhika,1892,56,89,3,10
Ashvamedhika,Ashvamedhika,1893,20,89,3,10
Ashvamedhika,Ashvamedhika,1894,36,89,3,10
Ashvamedhika,Ashvamedhika,1895,41,89,3,10
Ashvamedhika,Ashvamedhika,1896,19,89,3,10
Ashvamedhika,Ashvamedhika,1897,23,89,3,10
Ashvamedhika,Ashvamedhika,1898,17,89,3,10
Ashvamedhika,Ashvamedhika,1899,20,89,3,10
Ashvamedhika,Ashvamedhika,1900,29,89,3,10
Ashvamedhika,Ashvamedhika,1901,19,89,3,10
Ashvamedhika,Ashvamedhika,1902,24,89,3,10
Ashvamedhika,Ashvamedhika,1903,24,89,3,10
Ashvamedhika,Ashvamedhika,1904,20,89,3,10
Ashvamedhika,Ashvamedhika,1905,25,89,3,10
Ashvamedhika,Ashvamedhika,1906,26,89,3,10
Ashvamedhika,Ashvamedhika,1907,27,89,3,10
Ashvamedhika,Ashvamedhika,1908,34,89,3,10
Ashvamedhika,Ashvamedhika,1909,20,89,3,10
Ashvamedhika,Ashvamedhika,1910,26,89,3,10
Ashvamedhika,Ashvamedhika,1911,32,89,3,10
Ashvamedhika,Ashvamedhika,1912,46,89,3,10
Ashvamedhika,Ashvamedhika,1913,39,89,3,10
Ashvamedhika,Ashvamedhika,1914,18,89,3,10
Ashvamedhika,Ashvamedhika,1915,22,89,3,10
Ashvamedhika,Ashvamedhika,1916,21,89,3,10
Ashvamedhika,Ashvamedhika,1917,32,89,3,10
Ashvamedhika,Ashvamedhika,1918,30,89,3,10
Ashvamedhika,Ashvamedhika,1919,19,89,3,10
Ashvamedhika,Ashvamedhika,1920,23,89,3,10
Ashvamedhika,Ashvamedhika,1921,26,89,3,10
Ashvamedhika,Ashvamedhika,1922,16,89,3,10
Ashvamedhika,Ashvamedhika,1923,21,89,3,10
Ashvamedhika,Ashvamedhika,1924,26,89,3,10
Ashvamedhika,Ashvamedhika,1925,39,89,3,10
Ashvamedhika,Ashvamedhika,1926,41,89,3,10
Ashvamedhika,Ashvamedhika,1927,22,89,3,10
Ashvamedhika,Ashvamedhika,1928,93,89,3,10
Ashvamedhika,Ashvamedhika,1929,34,89,3,10
Ashvamedhika,Ashvamedhika,1930,36,89,3,10
Ashvamedhika,Ashvamedhika,1931,15,89,3,10
Ashramavasika,Ashram Vasa,1932,25,90,4,10
Ashramavasika,Ashram Vasa,1933,13,90,4,10
Ashramavasika,Ashram Vasa,1934,17,90,4,10
Ashramavasika,Ashram Vasa,1935,15,90,4,10
Ashramavasika,Ashram Vasa,1936,23,90,4,10
Ashramavasika,Ashram Vasa,1937,28,90,4,10
Ashramavasika,Ashram Vasa,1938,19,90,4,10
Ashramavasika,Ashram Vasa,1939,22,90,4,10
Ashramavasika,Ashram Vasa,1940,26,90,4,10
Ashramavasika,Ashram Vasa,1941,16,90,4,10
Ashramavasika,Ashram Vasa,1942,19,90,4,10
Ashramavasika,Ashram Vasa,1943,23,90,4,10
Ashramavasika,Ashram Vasa,1944,22,90,4,10
Ashramavasika,Ashram Vasa,1945,17,90,4,10
Ashramavasika,Ashram Vasa,1946,26,90,4,10
Ashramavasika,Ashram Vasa,1947,27,90,4,10
Ashramavasika,Ashram Vasa,1948,23,90,4,10
Ashramavasika,Ashram Vasa,1949,12,90,4,10
Ashramavasika,Ashram Vasa,1950,15,90,4,10
Ashramavasika,Ashram Vasa,1951,17,90,4,10
Ashramavasika,Ashram Vasa,1952,13,90,4,10
Ashramavasika,Ashram Vasa,1953,32,90,4,10
Ashramavasika,Ashram Vasa,1954,21,90,4,10
Ashramavasika,Ashram Vasa,1955,24,90,4,10
Ashramavasika,Ashram Vasa,1956,18,90,4,10
Ashramavasika,Ashram Vasa,1957,22,90,4,10
Ashramavasika,Ashram Vasa,1958,16,90,4,10
Ashramavasika,Ashram Vasa,1959,16,90,4,10
Ashramavasika,Ashram Vasa,1960,26,90,4,10
Ashramavasika,Ashram Vasa,1961,18,90,4,10
Ashramavasika,Ashram Vasa,1962,20,90,4,10
Ashramavasika,Ashram Vasa,1963,18,90,4,10
Ashramavasika,Ashram Vasa,1964,37,90,4,10
Ashramavasika,Ashram Vasa,1965,26,90,4,10
Ashramavasika,Ashram Vasa,1966,25,90,4,10
Ashramavasika,Putra Darshana,1967,33,91,5,10
Ashramavasika,Putra Darshana,1968,18,91,5,10
Ashramavasika,Putra Darshana,1969,23,91,5,10
Ashramavasika,Putra Darshana,1970,24,91,5,10
Ashramavasika,Putra Darshana,1971,21,91,5,10
Ashramavasika,Putra Darshana,1972,28,91,5,10
Ashramavasika,Putra Darshana,1973,17,91,5,10
Ashramavasika,Putra Darshana,1974,18,91,5,10
Ashramavasika,Putra Darshana,1975,52,91,5,10
Ashramavasika,Naradagamana,1976,44,92,6,10
Ashramavasika,Naradagamana,1977,20,92,6,10
Ashramavasika,Naradagamana,1978,27,92,6,10
Mousala,Mousala,1979,11,93,7,10
Mousala,Mousala,1980,20,93,7,10
Mousala,Mousala,1981,22,93,7,10
Mousala,Mousala,1982,46,93,7,10
Mousala,Mousala,1983,25,93,7,10
Mousala,Mousala,1984,15,93,7,10
Mousala,Mousala,1985,22,93,7,10
Mousala,Mousala,1986,74,93,7,10
Mousala,Mousala,1987,38,93,7,10
Mahaprasthanika,Mahaprasthanika,1988,44,94,8,10
Mahaprasthanika,Mahaprasthanika,1989,26,94,8,10
Mahaprasthanika,Mahaprasthanika,1990,36,94,8,10
Svargarohana,Svargarohana,1991,26,95,9,10
Svargarohana,Svargarohana,1992,54,95,9,10
Svargarohana,Svargarohana,1993,41,95,9,10
Svargarohana,Svargarohana,1994,19,95,9,10
Svargarohana,Svargarohana,1995,54,95,9,10
